"Source","ID","Title","Difficulty","Companies","Access","URL"
"NamasteSQL","1","1 - Return Orders Customer Feedback","Medium","Amazon","Free","https://www.namastesql.com/coding-problems/1-return-orders-customer-feedback"
"NamasteSQL","2","2 - Product Category","Easy","Walmart","Free","https://www.namastesql.com/coding-problems/2-product-category"
"NamasteSQL","3","3 - LinkedIn Top Voice","Medium","Linkedin","Premium","https://www.namastesql.com/coding-problems/3-linkedin-top-voice"
"NamasteSQL","4","4 - Premium Customers","Medium","Amazon","Premium","https://www.namastesql.com/coding-problems/4-premium-customers"
"NamasteSQL","5","5 - CIBIL Score","Hard","Paypal","Premium","https://www.namastesql.com/coding-problems/5-cibil-score"
"NamasteSQL","6","6 - Electricity Consumption","Easy","Infosys","Premium","https://www.namastesql.com/coding-problems/6-electricity-consumption"
"NamasteSQL","7","7 - Airbnb Top Hosts","Medium","Airbnb","Premium","https://www.namastesql.com/coding-problems/7-airbnb-top-hosts"
"NamasteSQL","8","8 - Library Borrowing Habits","Easy","Adobe","Free","https://www.namastesql.com/coding-problems/8-library-borrowing-habits"
"NamasteSQL","9","9 - New and Repeat Customers","Hard","Flipkart","Premium","https://www.namastesql.com/coding-problems/9-new-and-repeat-customers"
"NamasteSQL","10","10 - The Little Master","Hard","Google","Premium","https://www.namastesql.com/coding-problems/10-the-little-master"
"NamasteSQL","11","11 - Math Champions","Easy","Infosys","Premium","https://www.namastesql.com/coding-problems/11-math-champions"
"NamasteSQL","12","12 - Deliveroo Top Customer","Easy","Fractal analytics","Premium","https://www.namastesql.com/coding-problems/12-deliveroo-top-customer"
"NamasteSQL","13","13 - Best Employee Award","Medium","Tcs","Premium","https://www.namastesql.com/coding-problems/13-best-employee-award"
"NamasteSQL","14","14 - Workaholics Employees","Hard","Meta","Free","https://www.namastesql.com/coding-problems/14-workaholics-employees"
"NamasteSQL","15","15 - Lift Overloaded (Part 1)","Hard","Meta","Premium","https://www.namastesql.com/coding-problems/15-lift-overloaded-part-1"
"NamasteSQL","16","16 - Lift Overloaded (Part 2)","Hard","Meta","Premium","https://www.namastesql.com/coding-problems/16-lift-overloaded-part-2"
"NamasteSQL","17","17 - Business Expansion","Medium","Amazon","Premium","https://www.namastesql.com/coding-problems/17-business-expansion"
"NamasteSQL","18","18 - Hero Products","Medium","Flipkart","Premium","https://www.namastesql.com/coding-problems/18-hero-products"
"NamasteSQL","19","19 - Order Fulfilment","Extreme Hard","Amazon","Premium","https://www.namastesql.com/coding-problems/19-order-fulfilment"
"NamasteSQL","20","20 - Trending Products","Hard","Amazon","Premium","https://www.namastesql.com/coding-problems/20-trending-products"
"NamasteSQL","21","21 - Uber Profit Rides","Hard","Uber","Premium","https://www.namastesql.com/coding-problems/21-uber-profit-rides"
"NamasteSQL","22","22 - The United States of America","Hard","Meta","Premium","https://www.namastesql.com/coding-problems/22-the-united-states-of-america"
"NamasteSQL","23","23 - Product Recommendation","Hard","Amazon","Premium","https://www.namastesql.com/coding-problems/23-product-recommendation"
"NamasteSQL","24","24 - Account Balance","Medium","Paypal","Premium","https://www.namastesql.com/coding-problems/24-account-balance"
"NamasteSQL","25","25 - boAt Lifestyle Marketing","Medium","Boat lifestyle","Premium","https://www.namastesql.com/coding-problems/25-boat-lifestyle-marketing"
"NamasteSQL","26","26 - Dynamic Pricing","Medium","Walmart","Free","https://www.namastesql.com/coding-problems/26-dynamic-pricing"
"NamasteSQL","27","27 - Income Tax Returns","Medium","Tcs","Premium","https://www.namastesql.com/coding-problems/27-income-tax-returns"
"NamasteSQL","28","28 - Malware Detection","Hard","Linkedin","Free","https://www.namastesql.com/coding-problems/28-malware-detection"
"NamasteSQL","29","29 - Software vs Data Analytics Engineers","Medium","Infosys","Premium","https://www.namastesql.com/coding-problems/29-software-vs-data-analytics-engineers"
"NamasteSQL","30","30 - Employee Salary Levels","Easy","Accenture","Premium","https://www.namastesql.com/coding-problems/30-employee-salary-levels"
"NamasteSQL","31","31 - Highly Paid Employees","Medium","Microsoft","Premium","https://www.namastesql.com/coding-problems/31-highly-paid-employees"
"NamasteSQL","32","32 - Warikoo 20-6-20","Medium","Accenture","Premium","https://www.namastesql.com/coding-problems/32-warikoo-20-6-20"
"NamasteSQL","33","33 - Average Order Value","Medium","Google","Premium","https://www.namastesql.com/coding-problems/33-average-order-value"
"NamasteSQL","34","34 - Employee vs Manager","Medium","Accenture","Premium","https://www.namastesql.com/coding-problems/34-employee-vs-manager"
"NamasteSQL","35","35 - Cancellation vs Return","Hard","Amazon","Premium","https://www.namastesql.com/coding-problems/35-cancellation-vs-return"
"NamasteSQL","36","36 - Airbnb Business","Medium","Airbnb","Premium","https://www.namastesql.com/coding-problems/36-airbnb-business"
"NamasteSQL","37","37 - Spotify Popular Tracks","Medium","Spotify","Premium","https://www.namastesql.com/coding-problems/37-spotify-popular-tracks"
"NamasteSQL","38","38 - Product Reviews","Easy","Flipkart","Free","https://www.namastesql.com/coding-problems/38-product-reviews"
"NamasteSQL","39","39 - Walmart Sales Pattern","Hard","Walmart","Premium","https://www.namastesql.com/coding-problems/39-walmart-sales-pattern"
"NamasteSQL","40","40 – Uber Driver Ratings","Medium","Uber","Premium","https://www.namastesql.com/coding-problems/40-uber-driver-ratings"
"NamasteSQL","41","41 - Zomato Customer Behavior","Hard","Zomato","Premium","https://www.namastesql.com/coding-problems/41-zomato-customer-behavior"
"NamasteSQL","42","42 - Points Table","Hard","Amazon","Premium","https://www.namastesql.com/coding-problems/42-points-table"
"NamasteSQL","43","43 - Customer Retention","Extreme Hard","Amazon","Premium","https://www.namastesql.com/coding-problems/43-customer-retention"
"NamasteSQL","44","44 - Excess/insufficient Inventory","Medium","Flipkart","Premium","https://www.namastesql.com/coding-problems/44-excess-insufficient-inventory"
"NamasteSQL","45","45 - Zomato Membership","Medium","Zomato","Premium","https://www.namastesql.com/coding-problems/45-zomato-membership"
"NamasteSQL","46","46 - Employees Inside Office (Part 1)","Medium","Gameberry labs","Premium","https://www.namastesql.com/coding-problems/46-employees-inside-office-part-1"
"NamasteSQL","47","47 - Employees Inside Office (Part 2)","Hard","Gameberry labs","Premium","https://www.namastesql.com/coding-problems/47-employees-inside-office-part-2"
"NamasteSQL","48","48 – Female Contribution","Medium","Google","Premium","https://www.namastesql.com/coding-problems/48-female-contribution"
"NamasteSQL","49","49 - Credit Card Transactions (Part-1)","Hard","Google","Premium","https://www.namastesql.com/coding-problems/49-credit-card-transactions-part-1"
"NamasteSQL","50","50 - Adverse Reactions","Medium","Deloitte","Premium","https://www.namastesql.com/coding-problems/50-adverse-reactions"
"NamasteSQL","51","51 - Balanced Team","Medium","Kpmg","Premium","https://www.namastesql.com/coding-problems/51-balanced-team"
"NamasteSQL","52","52 - Loan Repayment","Medium","Deloitte","Free","https://www.namastesql.com/coding-problems/52-loan-repayment"
"NamasteSQL","53","53 - LinkedIn Recommendation","Hard","Linkedin","Premium","https://www.namastesql.com/coding-problems/53-linkedin-recommendation"
"NamasteSQL","54","54 - Employees Payout","Medium","Deloitte","Premium","https://www.namastesql.com/coding-problems/54-employees-payout"
"NamasteSQL","55","55 - Lowest Price","Medium","Pwc","Free","https://www.namastesql.com/coding-problems/55-lowest-price"
"NamasteSQL","56","56 – Expenses Excluding MasterCard","Medium","Paypal","Premium","https://www.namastesql.com/coding-problems/56-expenses-excluding-mastercard"
"NamasteSQL","57","57 - Dashboard Visits","Hard","Microsoft","Premium","https://www.namastesql.com/coding-problems/57-dashboard-visits"
"NamasteSQL","58","58 - Final Account Balance","Hard","Deloitte","Premium","https://www.namastesql.com/coding-problems/58-final-account-balance"
"NamasteSQL","59","59 - Order Lead Time","Medium","Amazon","Premium","https://www.namastesql.com/coding-problems/59-order-lead-time"
"NamasteSQL","60","60 - Instagram Marketing Agency","Medium","Meta","Premium","https://www.namastesql.com/coding-problems/60-instagram-marketing-agency"
"NamasteSQL","61","61 - Category Sales (Part 1)","Easy","Flipkart","Free","https://www.namastesql.com/coding-problems/61-category-sales-part-1"
"NamasteSQL","62","62 - Category Sales (Part 2)","Easy","Flipkart","Free","https://www.namastesql.com/coding-problems/62-category-sales-part-2"
"NamasteSQL","63","63 - Prime Subscription","Hard","Amazon","Premium","https://www.namastesql.com/coding-problems/63-prime-subscription"
"NamasteSQL","64","64 - Penultimate Order","Medium","Walmart","Free","https://www.namastesql.com/coding-problems/64-penultimate-order"
"NamasteSQL","65","65 - Service Downtime","Extreme Hard","Microsoft","Premium","https://www.namastesql.com/coding-problems/65-service-downtime"
"NamasteSQL","66","66 - Fake Ratings","Medium","Amazon","Premium","https://www.namastesql.com/coding-problems/66-fake-ratings"
"NamasteSQL","67","67 - Food Preparation Time","Medium","Zomato","Premium","https://www.namastesql.com/coding-problems/67-food-preparation-time"
"NamasteSQL","68","68 - Late Food Deliveries","Medium","Zomato","Premium","https://www.namastesql.com/coding-problems/68-late-food-deliveries"
"NamasteSQL","69","69 - Country Indicators","Medium","Deloitte","Premium","https://www.namastesql.com/coding-problems/69-country-indicators"
"NamasteSQL","70","70 - Employee Name","Hard","Google","Premium","https://www.namastesql.com/coding-problems/70-employee-name"
"NamasteSQL","71","71 - Department Average Salary","Easy","Tcs","Free","https://www.namastesql.com/coding-problems/71-department-average-salary"
"NamasteSQL","72","72 - Product Sales","Easy","Infosys","Free","https://www.namastesql.com/coding-problems/72-product-sales"
"NamasteSQL","73","73 - Category Product Count","Easy","Deloitte","Free","https://www.namastesql.com/coding-problems/73-category-product-count"
"NamasteSQL","74","74 - Above Average Employees","Hard","Amazon","Premium","https://www.namastesql.com/coding-problems/74-above-average-employees"
"NamasteSQL","75","75 - Rider Ride Time","Hard","Swiggy","Premium","https://www.namastesql.com/coding-problems/75-rider-ride-time"
"NamasteSQL","76","76 - Amazon Notifications","Hard","Amazon","Premium","https://www.namastesql.com/coding-problems/76-amazon-notifications"
"NamasteSQL","77","77 - 2022 vs 2023 vs 2024 Sales","Medium","Walmart","Premium","https://www.namastesql.com/coding-problems/77-2022-vs-2023-vs-2024-sales"
"NamasteSQL","78","78 - Hotel Booking Mistake","Medium","Makemytrip","Premium","https://www.namastesql.com/coding-problems/78-hotel-booking-mistake"
"NamasteSQL","79","79 - Top Products of Top Category","Hard","Amazon","Premium","https://www.namastesql.com/coding-problems/79-top-products-of-top-category"
"NamasteSQL","80","80 - Rolling Sales","Hard","Walmart","Premium","https://www.namastesql.com/coding-problems/80-rolling-sales"
"NamasteSQL","81","81 - Consistent Growth","Hard","Google","Premium","https://www.namastesql.com/coding-problems/81-consistent-growth"
"NamasteSQL","82","82 - Child and Parents","Medium","Deloitte","Premium","https://www.namastesql.com/coding-problems/82-child-and-parents"
"NamasteSQL","83","83 - Unique Daily Purchases","Hard","Amazon","Premium","https://www.namastesql.com/coding-problems/83-unique-daily-purchases"
"NamasteSQL","84","84 - Uber Commission","Hard","Uber","Premium","https://www.namastesql.com/coding-problems/84-uber-commission"
"NamasteSQL","85","85 - Customer Support Metrics","Hard","Intuit","Premium","https://www.namastesql.com/coding-problems/85-customer-support-metrics"
"NamasteSQL","86","86 - IPL Away Wins","Hard","Amazon","Premium","https://www.namastesql.com/coding-problems/86-ipl-away-wins"
"NamasteSQL","87","87 - Leave Approval","Extreme Hard","Deloitte","Premium","https://www.namastesql.com/coding-problems/87-leave-approval"
"NamasteSQL","88","88 - Netflix Device Type (PART-1)","Medium","Netflix","Premium","https://www.namastesql.com/coding-problems/88-netflix-device-type-part-1"
"NamasteSQL","89","89 - Netflix Device Type (PART-2)","Medium","Netflix","Premium","https://www.namastesql.com/coding-problems/89-netflix-device-type-part-2"
"NamasteSQL","90","90 - Calculate Customer Interest","Hard","Jp morgan","Premium","https://www.namastesql.com/coding-problems/90-calculate-customer-interest"
"NamasteSQL","91","91 - Election Winner","Medium","Google","Premium","https://www.namastesql.com/coding-problems/91-election-winner"
"NamasteSQL","92","92 - Eat and Win","Hard","Google","Premium","https://www.namastesql.com/coding-problems/92-eat-and-win"
"NamasteSQL","93","93 - OTT Viewership","Medium","Netflix","Premium","https://www.namastesql.com/coding-problems/93-ott-viewership"
"NamasteSQL","94","94 - GAP Sales","Easy","Ibm","Premium","https://www.namastesql.com/coding-problems/94-gap-sales"
"NamasteSQL","95","95 - Electronics Items Sale","Easy","Infosys","Premium","https://www.namastesql.com/coding-problems/95-electronics-items-sale"
"NamasteSQL","96","96 - Busiest Airline Route","Medium","Deloitte","Premium","https://www.namastesql.com/coding-problems/96-busiest-airline-route"
"NamasteSQL","97","97 - Domain Names","Easy","Deloitte","Premium","https://www.namastesql.com/coding-problems/97-domain-names"
"NamasteSQL","98","98 - Credit Card Transactions (Part-2)","Medium","Paypal","Premium","https://www.namastesql.com/coding-problems/98-credit-card-transactions-part-2"
"NamasteSQL","99","99 - Most Visited Floor","Hard","Intuit","Premium","https://www.namastesql.com/coding-problems/99-most-visited-floor"
"NamasteSQL","100","100 - Loyal Customers","Medium","Amazon","Premium","https://www.namastesql.com/coding-problems/100-loyal-customers"
"NamasteSQL","101","101 - Email Response Rate","Hard","Google","Premium","https://www.namastesql.com/coding-problems/101-email-response-rate"
"NamasteSQL","102","102 - Users With Valid Passwords","Medium","Google","Premium","https://www.namastesql.com/coding-problems/102-users-with-valid-passwords"
"NamasteSQL","103","103 - Employee Mentor","Easy","Deloitte","Free","https://www.namastesql.com/coding-problems/103-employee-mentor"
"NamasteSQL","104","104 - Seasonal Trends","Hard","Flipkart","Premium","https://www.namastesql.com/coding-problems/104-seasonal-trends"
"NamasteSQL","105","105 - Student Major Subject","Medium","Linkedin","Premium","https://www.namastesql.com/coding-problems/105-student-major-subject"
"NamasteSQL","106","106 - Subject Average Score","Easy","Linkedin","Premium","https://www.namastesql.com/coding-problems/106-subject-average-score"
"NamasteSQL","107","107 - Contiguous Ranges","Hard","Microsoft","Premium","https://www.namastesql.com/coding-problems/107-contiguous-ranges"
"NamasteSQL","108","108 - Products Sold in All Cities","Medium","Flipkart","Premium","https://www.namastesql.com/coding-problems/108-products-sold-in-all-cities"
"NamasteSQL","109","109 - Top 5 Single-Purchase Spendings","Medium","Amazon","Premium","https://www.namastesql.com/coding-problems/109-top-5-single-purchase-spendings"
"NamasteSQL","110","110 - Laptop to Laptop Bag Conversion Rate","Hard","Amazon","Premium","https://www.namastesql.com/coding-problems/110-laptop-to-laptop-bag-conversion-rate"
"NamasteSQL","111","111 - Hierarchy Reportee Count","Hard","Amazon","Premium","https://www.namastesql.com/coding-problems/111-hierarchy-reportee-count"
"NamasteSQL","112","112 - Reel Daily View Averages by State","Medium","Meta","Premium","https://www.namastesql.com/coding-problems/112-reel-daily-view-averages-by-state"
"NamasteSQL","113","113 - Cab Driver Streak","Extreme Hard","Lyft","Premium","https://www.namastesql.com/coding-problems/113-cab-driver-streak"
"NamasteSQL","114","114 - Tournament Group Winners","Hard","E&y","Premium","https://www.namastesql.com/coding-problems/114-tournament-group-winners"
"NamasteSQL","115","115 - Sequence Expansion","Medium","Zepto","Premium","https://www.namastesql.com/coding-problems/115-sequence-expansion"
"NamasteSQL","116","116 - Goals Scored in Each Game","Medium","Agoda","Premium","https://www.namastesql.com/coding-problems/116-goals-scored-in-each-game"
"NamasteSQL","117","117 - Currency Conversion to USD","Hard","Paytm","Premium","https://www.namastesql.com/coding-problems/117-currency-conversion-to-usd"
"NamasteSQL","118","118 - User Session Activity","Hard","Tredence","Free","https://www.namastesql.com/coding-problems/118-user-session-activity"
"NamasteSQL","119","119 - COVID Risk by Age","Medium","Amazon","Premium","https://www.namastesql.com/coding-problems/119-covid-risk-by-age"
"NamasteSQL","120","120 - Recurring Monthly Customers","Medium","Zepto","Premium","https://www.namastesql.com/coding-problems/120-recurring-monthly-customers"
"NamasteSQL","121","121 - Amazon Warehouse Packing","Extreme Hard","Amazon","Premium","https://www.namastesql.com/coding-problems/121-amazon-warehouse-packing"
"NamasteSQL","122","122 - Third Highest Salary","Medium","Amazon","Premium","https://www.namastesql.com/coding-problems/122-third-highest-salary"
"NamasteSQL","123","123 - Perfect Score Candidates","Hard","Epam","Premium","https://www.namastesql.com/coding-problems/123-perfect-score-candidates"
"NamasteSQL","124","124 - Top 3 Netflix Shows","Medium","Netflix","Premium","https://www.namastesql.com/coding-problems/124-top-3-netflix-shows"
"NamasteSQL","125","125 - Project Budget","Hard","Tiger analytics","Free","https://www.namastesql.com/coding-problems/125-project-budget"
"NamasteSQL","126","126 - Selective Buyers Analysis","Hard","Flipkart","Premium","https://www.namastesql.com/coding-problems/126-selective-buyers-analysis"
"NamasteSQL","127","127 - F.R.I.E.N.D.S.","Hard","Swiggy","Premium","https://www.namastesql.com/coding-problems/127-f-r-i-e-n-d-s"
"NamasteSQL","128","128 - Train Schedule","Hard","Fractal analytics","Premium","https://www.namastesql.com/coding-problems/128-train-schedule"
"NamasteSQL","129","129 - Uber Active Drivers","Extreme Hard","Uber","Premium","https://www.namastesql.com/coding-problems/129-uber-active-drivers"
"NamasteSQL","130","130 - Employees Status Change(Part-1)","Medium","Deloitte","Premium","https://www.namastesql.com/coding-problems/130-employees-status-change-part-1"
"NamasteSQL","131","131 - Employees Status Change(Part-2)","Medium","Deloitte","Premium","https://www.namastesql.com/coding-problems/131-employees-status-change-part-2"
"NamasteSQL","132","132 - Last Sunday","Hard","Amazon","Premium","https://www.namastesql.com/coding-problems/132-last-sunday"
"NamasteSQL","133","133 - Projects Source System","Medium","E&y","Premium","https://www.namastesql.com/coding-problems/133-projects-source-system"
"NamasteSQL","134","134 - Dormant Customers","Hard","Swiggy","Premium","https://www.namastesql.com/coding-problems/134-dormant-customers"
"NamasteSQL","135","135 - Music Lovers","Medium","Spotify","Premium","https://www.namastesql.com/coding-problems/135-music-lovers"
"NamasteSQL","136","136 - The Yellow Pages","Hard","Htc global","Premium","https://www.namastesql.com/coding-problems/136-the-yellow-pages"
"NamasteSQL","137","137 - Myntra Campaign Effectiveness","Medium","Myntra","Premium","https://www.namastesql.com/coding-problems/137-myntra-campaign-effectiveness"
"NamasteSQL","138","138 - Customer Data Cleaning","Medium","Tiger analytics","Premium","https://www.namastesql.com/coding-problems/138-customer-data-cleaning"
"NamasteSQL","139","139 - Quarterly sales Analysis","Hard","Microsoft","Premium","https://www.namastesql.com/coding-problems/139-quarterly-sales-analysis"
"NamasteSQL","140","140 - Team Points Calculation","Hard","Uber","Premium","https://www.namastesql.com/coding-problems/140-team-points-calculation"
"NamasteSQL","141","141 - Frequent Flyers","Medium","Agoda","Premium","https://www.namastesql.com/coding-problems/141-frequent-flyers"
"NamasteSQL","142","142 - Salary Difference","Medium","Linkedin","Premium","https://www.namastesql.com/coding-problems/142-salary-difference"
"NamasteSQL","143","143 - Airbnb Cheapest Listing","Hard","Airbnb","Premium","https://www.namastesql.com/coding-problems/143-airbnb-cheapest-listing"
"NamasteSQL","144","144 - Key Out-of-Stock Events","Extreme Hard","Pattern","Free","https://www.namastesql.com/coding-problems/144-key-out-of-stock-events"
"NamasteSQL","145","145 - Inactive Users","Medium","Linkedin","Premium","https://www.namastesql.com/coding-problems/145-inactive-users-927cf069"
"NamasteSQL","146","146 - Cohort Retention","Hard","Khan academy","Premium","https://www.namastesql.com/coding-problems/146-cohort-retention"
"NamasteSQL","147","147 - SQL Champions","Medium","Walmart","Premium","https://www.namastesql.com/coding-problems/147-sql-champions"
"NamasteSQL","148","148 - Individual Contributors","Medium","Paypal","Premium","https://www.namastesql.com/coding-problems/148-individual-contributors"
"NamasteSQL","149","149 - Employees Not Promoted","Medium","Tiger analytics","Premium","https://www.namastesql.com/coding-problems/149-employees-not-promoted"
"NamasteSQL","150","150 - Employees Current Salary","Hard","Google","Free","https://www.namastesql.com/coding-problems/150-employees-current-salary"
"NamasteSQL","151","151 - Flight Planner System","Hard","Microsoft","Premium","https://www.namastesql.com/coding-problems/151-flight-planner-system"
"NamasteSQL","152","152 - Active Viewers by Day","Medium","Atlassian","Premium","https://www.namastesql.com/coding-problems/152-active-viewers-by-day"
"NamasteSQL","153","153 - Grand Slam Titles","Medium","Doordash","Premium","https://www.namastesql.com/coding-problems/153-grand-slam-titles"
"NamasteSQL","154","154 - Student Pairs By Class","Hard","Tiger analytics","Premium","https://www.namastesql.com/coding-problems/154-student-pairs-by-class"
"NamasteSQL","155","155 - Top 2 Scores per Student","Medium","Kpmg","Premium","https://www.namastesql.com/coding-problems/155-top-2-scores-per-student"
"NamasteSQL","156","156 -  Inventory Reconciliation","Hard","Bcg","Premium","https://www.namastesql.com/coding-problems/156-inventory-reconciliation"
"NamasteSQL","157","157 - Salary Growth Analysis","Hard","Amazon","Premium","https://www.namastesql.com/coding-problems/157-salary-growth-analysis"
"NamasteSQL","158","158 - Customers with 3 Purchases","Hard","Amazon","Premium","https://www.namastesql.com/coding-problems/158-customers-with-3-purchases"
"NamasteSQL","159","159 - Department Salary Contribution","Medium","Walmart","Premium","https://www.namastesql.com/coding-problems/159-department-salary-contribution"
"NamasteSQL","160","160 - IPv4 Validator","Hard","Google","Premium","https://www.namastesql.com/coding-problems/160-ipv4-validator"
"NamasteSQL","161","161 - Teams","Hard","Linkedin","Premium","https://www.namastesql.com/coding-problems/161-teams"
"NamasteSQL","162","162 -  Ski Slope","Hard","Pwc","Premium","https://www.namastesql.com/coding-problems/162-ski-slope"
"NamasteSQL","163","163 - Second Largest Number","Easy","Practice question","Free","https://www.namastesql.com/coding-problems/163-second-largest-number"
"NamasteSQL","164","164 - Most Selling Product","Easy","Practice question","Free","https://www.namastesql.com/coding-problems/164-most-selling-product"
"NamasteSQL","165","165 - First Non-Repeating Character","Easy","Practice question","Free","https://www.namastesql.com/coding-problems/165-first-non-repeating-character"
"NamasteSQL","166","166 - ETL Job Balancing","Medium","Linkedin","Free","https://www.namastesql.com/coding-problems/166-etl-job-balancing"
"NamasteSQL","167","167 - Sales Target","Easy","Tredence","Free","https://www.namastesql.com/coding-problems/167-sales-target"
"NamasteSQL","168","168 - One odd Occurring","Easy","Practice question","Free","https://www.namastesql.com/coding-problems/168-one-odd-occurring"
"NamasteSQL","169","169 - Maximum Reading Score","Medium","Meta","Free","https://www.namastesql.com/coding-problems/169-maximum-reading-score"
"NamasteSQL","170","170 - Find the Missing Number","Easy","Flipkart","Free","https://www.namastesql.com/coding-problems/170-find-the-missing-number"
"NamasteSQL","171","171 - Find Leaders in the Array","Easy","Adobe","Free","https://www.namastesql.com/coding-problems/171-find-leaders-in-the-array"
"NamasteSQL","172","172 - Array Duplicates","Easy","Paytm","Free","https://www.namastesql.com/coding-problems/172-array-duplicates"
"NamasteSQL","173","173 - Balanced Expression Checker","Easy","Flipkart","Free","https://www.namastesql.com/coding-problems/173-balanced-expression-checker"
"NamasteSQL","174","174 - Equilibrium Point","Easy","Amazon","Free","https://www.namastesql.com/coding-problems/174-equilibrium-point-a8761c2c"
"NamasteSQL","175","175 - Binary Search","Easy","Infosys","Free","https://www.namastesql.com/coding-problems/175-binary-search"
"NamasteSQL","176","176 - Missing And Repeating","Easy","Meta","Free","https://www.namastesql.com/coding-problems/176-missing-and-repeating"
"NamasteSQL","177","177 - Unique Pairs That Sum to Zero","Easy","Flipkart","Free","https://www.namastesql.com/coding-problems/177-unique-pairs-that-sum-to-zero"
"NamasteSQL","178","178 - Union of Two Arrays","Easy","Practice question","Free","https://www.namastesql.com/coding-problems/178-union-of-two-arrays"
"NamasteSQL","179","179 - Check if Two Strings Are Anagrams","Easy","Flipkart","Free","https://www.namastesql.com/coding-problems/179-check-if-two-strings-are-anagrams"
"NamasteSQL","180","180 - Palindrome String","Easy","Paytm","Free","https://www.namastesql.com/coding-problems/180-palindrome-string"
"NamasteSQL","181","181 - Target Sum","Easy","Flipkart","Free","https://www.namastesql.com/coding-problems/181-target-sum"
"NamasteSQL","182","182 - Reverse Words","Easy","Paytm","Free","https://www.namastesql.com/coding-problems/182-reverse-words"
"NamasteSQL","183","183 - Move All Zeros to the End","Easy","Paytm","Free","https://www.namastesql.com/coding-problems/183-move-all-zeros-to-the-end"
"NamasteSQL","184","184 - Count Frequency of Numbers from 1 to n","Easy","Paytm","Free","https://www.namastesql.com/coding-problems/184-count-frequency-of-numbers-from-1-to-n"
"NamasteSQL","185","185 - Count Occurrences of a Target in a Sorted Array","Easy","Amazon","Free","https://www.namastesql.com/coding-problems/185-count-occurrences-of-a-target-in-a-sorted-array"
"NamasteSQL","186","186 - Remove Duplicates from a Sorted Array","Easy","Microsoft","Free","https://www.namastesql.com/coding-problems/186-remove-duplicates-from-a-sorted-array"
"NamasteSQL","187","187 - First Non-Repeating Character in a String","Easy","Flipkart","Free","https://www.namastesql.com/coding-problems/187-first-non-repeating-character-in-a-string"
"NamasteSQL","188","188 - Category Revenue ETL Pipeline","Easy","Practice question","Free","https://www.namastesql.com/coding-problems/188-category-revenue-etl-pipeline"
"NamasteSQL","189","189 - Campaigns Effectiveness ETL Pipeline","Hard","Practice question","Premium","https://www.namastesql.com/coding-problems/189-campaigns-effectiveness-etl-pipeline-0bab277a"
"NamasteSQL","190","190 - Web Log Processing ETL Pipeline","Hard","Practice question","Premium","https://www.namastesql.com/coding-problems/190-web-log-processing-etl-pipeline"
"NamasteSQL","191","191 - The Loyal Churner","Hard","Netflix","Premium","https://www.namastesql.com/coding-problems/191-the-loyal-churner"
"NamasteSQL","192","192 - Insured Amount","Medium","Hackerrank","Premium","https://www.namastesql.com/coding-problems/192-insured-amount-61975d65"
"NamasteSQL","193","193 - Airline Bookings","Hard","Hackerrank","Premium","https://www.namastesql.com/coding-problems/193-airline-bookings"
"NamasteSQL","194","194 - Visitors Behavior","Medium","Hackerrank","Premium","https://www.namastesql.com/coding-problems/194-visitors-behavior"
"NamasteSQL","195","195 - Marketing Analytics","Hard","Hackerrank","Premium","https://www.namastesql.com/coding-problems/195-marketing-analytics"
"NamasteSQL","196","196 - Tax Calculation","Medium","Hackerrank","Premium","https://www.namastesql.com/coding-problems/196-tax-calculation"
"NamasteSQL","197","197 -  Toll Collection","Hard","Uber","Premium","https://www.namastesql.com/coding-problems/197-toll-collection"
"NamasteSQL","198","198 - Customer Revenue Report","Hard","Hackerrank","Premium","https://www.namastesql.com/coding-problems/198-customer-revenue-report"
"NamasteSQL","199","199 - Threat Detection Report","Medium","Hackerrank","Premium","https://www.namastesql.com/coding-problems/199-threat-detection-report"
"NamasteSQL","200","200 - Asset Report","Medium","Hackerrank","Premium","https://www.namastesql.com/coding-problems/200-asset-report"
"NamasteSQL","201","201 - Dynamic Path Accessor","Easy","Hackerrank","Premium","https://www.namastesql.com/coding-problems/201-dynamic-path-accessor"
"NamasteSQL","202","202 - The Phantom Managers","Medium","Fractal analytics","Premium","https://www.namastesql.com/coding-problems/202-the-phantom-managers"
"NamasteSQL","203","203 - The Revenue Leakage","Extreme Hard","Amazon","Premium","https://www.namastesql.com/coding-problems/203-the-revenue-leakage"
"NamasteSQL","204","204 - The Silent Bestsellers","Medium","Flipkart","Premium","https://www.namastesql.com/coding-problems/204-the-silent-bestsellers"
"NamasteSQL","205","205 - The Comeback Customers","Hard","Amazon","Premium","https://www.namastesql.com/coding-problems/205-the-comeback-customers"
"NamasteSQL","206","206 - The Shift Handover Problem","Medium","Doordash","Premium","https://www.namastesql.com/coding-problems/206-the-shift-handover-problem"
"NamasteSQL","207","207 - The Ticket Escalation Trap","Hard","Linkedin","Premium","https://www.namastesql.com/coding-problems/207-the-ticket-escalation-trap"
"StratasScratch","517","City With Most Amenities","Hard","N/A","Premium","https://platform.stratascratch.com/coding/10572-city-with-most-amenities"
"StratasScratch","2000","Variable vs Fixed Rates","Medium","Credit Karma","Premium","https://platform.stratascratch.com/coding/2000-variable-vs-fixed-rates"
"StratasScratch","2001","Share of Loan Balance","Medium","Credit Acceptance, Credit Karma","Premium","https://platform.stratascratch.com/coding/2001-share-of-loan-balance"
"StratasScratch","2003","Recent Refinance Submissions","Medium","MetLife, Credit Karma","Premium","https://platform.stratascratch.com/coding/2003-recent-refinance-submissions"
"StratasScratch","2005","Share of Active Users","Medium","Meta","Free","https://platform.stratascratch.com/coding/2005-share-of-active-users"
"StratasScratch","2007","Rank Variance Per Country","Hard","Meta","Free","https://platform.stratascratch.com/coding/2007-rank-variance-per-country"
"StratasScratch","2008","The Cheapest Airline Connection","Hard","Delta Airlines","Premium","https://platform.stratascratch.com/coding/2008-the-cheapest-airline-connection"
"StratasScratch","2010","Top Streamers","Medium","Twitch","Premium","https://platform.stratascratch.com/coding/2010-top-streamers"
"StratasScratch","2012","Streamer Sessions by Initial Viewers","Hard","Twitch","Premium","https://platform.stratascratch.com/coding/2012-viewers-turned-streamers"
"StratasScratch","2014","Hour With The Highest Order Volume","Medium","Postmates","Premium","https://platform.stratascratch.com/coding/2014-hour-with-the-highest-order-volume"
"StratasScratch","2015","City With The Highest and Lowest Income Variance","Medium","Postmates","Premium","https://platform.stratascratch.com/coding/2015-city-with-the-highest-and-lowest-income-variance"
"StratasScratch","2016","Pizza Partners","Medium","Postmates","Premium","https://platform.stratascratch.com/coding/2016-pizza-partners"
"StratasScratch","2019","Top 2 Users With Most Calls","Medium","Ring Central","Premium","https://platform.stratascratch.com/coding/2019-top-2-users-with-most-calls"
"StratasScratch","2020","Call Declines","Medium","Ring Central","Premium","https://platform.stratascratch.com/coding/2020-call-declines"
"StratasScratch","2021","Initial Call Duration","Medium","Redfin","Premium","https://platform.stratascratch.com/coding/2021-initial-call-duration"
"StratasScratch","2022","Update Call Duration","Medium","Redfin","Premium","https://platform.stratascratch.com/coding/2022-update-call-duration"
"StratasScratch","2023","Rush Hour Calls","Medium","Redfin","Premium","https://platform.stratascratch.com/coding/2023-rush-hour-calls"
"StratasScratch","2025","Users Exclusive Per Client","Medium","Apple, Dell, Microsoft","Premium","https://platform.stratascratch.com/coding/2025-users-exclusive-per-client"
"StratasScratch","2026","Bottom 2 Companies By Mobile Usage","Medium","Apple, Microsoft","Premium","https://platform.stratascratch.com/coding/2026-bottom-2-companies-by-mobile-usage"
"StratasScratch","2027","Company With Most Desktop Users","Medium","Linux, Microsoft","Premium","https://platform.stratascratch.com/coding/2027-top-company-where-users-use-desktop-only"
"StratasScratch","2028","New And Existing Users","Hard","IBM, Apple, Microsoft","Premium","https://platform.stratascratch.com/coding/2028-new-and-existing-users"
"StratasScratch","2029","Most Popular Client For  Calls","Hard","Apple, Microsoft","Premium","https://platform.stratascratch.com/coding/2029-the-most-popular-client_id-among-users-using-video-and-voice-calls"
"StratasScratch","2032","Signups By Billing Cycle","Medium","Asana, Noom","Premium","https://platform.stratascratch.com/coding/2032-signups-by-billing-cycle"
"StratasScratch","2033","Find The Most Profitable Location","Hard","Uber, Noom","Premium","https://platform.stratascratch.com/coding/2033-find-the-most-profitable-location"
"StratasScratch","2034","Avg Earnings per Weekday and Hour","Medium","DoorDash","Premium","https://platform.stratascratch.com/coding/2034-avg-earnings-per-weekday-and-hour"
"StratasScratch","2035","Avg Order Cost During Rush Hours","Medium","DoorDash","Premium","https://platform.stratascratch.com/coding/2035-avg-order-cost-during-rush-hours"
"StratasScratch","2036","Lowest Revenue Generated Restaurants","Hard","DoorDash","Premium","https://platform.stratascratch.com/coding/2036-lowest-revenue-generated-restaurants"
"StratasScratch","2037","Delivering and Placing Orders","Hard","DoorDash","Premium","https://platform.stratascratch.com/coding/2037-delivering-and-placing-orders"
"StratasScratch","2038","WFM Brand Segmentation based on Customer Activity","Hard","Whole Foods Market","Premium","https://platform.stratascratch.com/coding/2038-wfm-brand-segmentation-based-on-customer-activity"
"StratasScratch","2040","Customers Report Summary","Medium","Whole Foods Market","Premium","https://platform.stratascratch.com/coding/2040-customers-report-summary"
"StratasScratch","2041","Total Sales In Different Currencies","Medium","Goldman Sachs, Salesforce","Premium","https://platform.stratascratch.com/coding/2041-total-sales-in-different-currencies"
"StratasScratch","2042","Employees' Years In Service","Medium","Uber","Premium","https://platform.stratascratch.com/coding/2042-employees-years-in-service"
"StratasScratch","2044","Most Senior & Junior Employee","Hard","Uber","Premium","https://platform.stratascratch.com/coding/2044-most-senior-junior-employee"
"StratasScratch","2045","Days Without Hiring/Termination","Medium","Uber","Premium","https://platform.stratascratch.com/coding/2045-days-without-hiringtermination"
"StratasScratch","2046","Maximum Number of Employees Reached","Hard","Uber","Premium","https://platform.stratascratch.com/coding/2046-maximum-number-of-employees-reached"
"StratasScratch","2047","Total Monetary Value Per Month/Service","Medium","Uber","Premium","https://platform.stratascratch.com/coding/2047-total-monatery-value-per-monthservice"
"StratasScratch","2048","Percentage Of Revenue Loss","Medium","Uber","Premium","https://platform.stratascratch.com/coding/2048-percentage-of-revenue-loss"
"StratasScratch","2050","Daily Active Users","Medium","Workday, Salesforce","Premium","https://platform.stratascratch.com/coding/2050-daily-active-users"
"StratasScratch","2053","Retention Rate","Hard","Meta, Salesforce","Premium","https://platform.stratascratch.com/coding/2053-retention-rate"
"StratasScratch","2054","Consecutive Days","Hard","Netflix, Salesforce","Free","https://platform.stratascratch.com/coding/2054-consecutive-days"
"StratasScratch","2055","Average Customers Per City","Medium","LinkedIn","Premium","https://platform.stratascratch.com/coding/2055-average-customers-per-city"
"StratasScratch","2059","Player with Longest Streak","Hard","Google, Amazon","Premium","https://platform.stratascratch.com/coding/2059-player-with-longest-streak"
"StratasScratch","2060","Manager of the Largest Department","Medium","Ebay, Shopify, Amazon","Premium","https://platform.stratascratch.com/coding/2060-manager-of-the-largest-department"
"StratasScratch","2060","Manager of the Largest Department","Medium","Ebay, Shopify, Amazon","Premium","https://platform.stratascratch.com/coding/2060-manager-of-the-largest-department"
"StratasScratch","2064","Difference Between Times","Medium","EY, Tata Consultancy, Deloitte","Premium","https://platform.stratascratch.com/coding/2064-difference-between-times"
"StratasScratch","2065","Time from 10th Runner","Medium","EY, Deloitte","Premium","https://platform.stratascratch.com/coding/2065-time-from-10th-runner"
"StratasScratch","2066","Fastest Hometowns","Medium","EY, Deloitte","Premium","https://platform.stratascratch.com/coding/2066-fastest-hometowns"
"StratasScratch","2068","Successful Lower Priced Product","Medium","Meta","Premium","https://platform.stratascratch.com/coding/2068-find-products"
"StratasScratch","2070","Top Three Classes","Medium","Meta","Premium","https://platform.stratascratch.com/coding/2070-top-three-classes"
"StratasScratch","2071","Same Brand Purchases","Medium","Meta","Premium","https://platform.stratascratch.com/coding/2071-customers-with-specific-brands"
"StratasScratch","2073","Popular Posts","Hard","Google, Amazon, Meta","Premium","https://platform.stratascratch.com/coding/2073-popular-posts"
"StratasScratch","2074","Monthly Churn Rate","Medium","Natera","Premium","https://platform.stratascratch.com/coding/2074-monthly-churn-rate"
"StratasScratch","2075","Homework Results","Medium","Allstate","Premium","https://platform.stratascratch.com/coding/2075-homework-results"
"StratasScratch","2076","Trips in Consecutive Months","Hard","Uber","Premium","https://platform.stratascratch.com/coding/2076-trips-in-consecutive-months"
"StratasScratch","2077","Employed at Google","Medium","LinkedIn","Premium","https://platform.stratascratch.com/coding/2077-employed-at-google"
"StratasScratch","2078","From Microsoft to Google","Hard","LinkedIn","Premium","https://platform.stratascratch.com/coding/2078-from-microsoft-to-google"
"StratasScratch","2079","City with Most Customers","Medium","Lyft","Premium","https://platform.stratascratch.com/coding/2079-city-with-most-customers"
"StratasScratch","2081","Recommendation System","Medium","Meta","Premium","https://platform.stratascratch.com/coding/2081-recommendation-system"
"StratasScratch","2082","Minimum Number of Platforms","Hard","Deloitte, Goldman Sachs","Premium","https://platform.stratascratch.com/coding/2082-minimum-number-of-platforms"
"StratasScratch","2084","Blocked Users","Medium","Meta","Premium","https://platform.stratascratch.com/coding/2084-blocked-users"
"StratasScratch","2086","Number of Conversations","Medium","Meta","Premium","https://platform.stratascratch.com/coding/2086-number-of-conversations"
"StratasScratch","2087","Negative Reviews in New Locations","Hard","Instacart","Premium","https://platform.stratascratch.com/coding/2087-negative-reviews-in-new-locations"
"StratasScratch","2089","Cookbook Recipes","Hard","Ebay, Amazon","Premium","https://platform.stratascratch.com/coding/2089-cookbook-recipes"
"StratasScratch","2090","First Day Retention Rate","Hard","Amazon","Premium","https://platform.stratascratch.com/coding/2090-first-day-retention-rate"
"StratasScratch","2092","Daily Top Merchants","Medium","DoorDash","Premium","https://platform.stratascratch.com/coding/2092-daily-top-merchants"
"StratasScratch","2093","First Time Orders","Medium","DoorDash","Premium","https://platform.stratascratch.com/coding/2093-first-time-orders"
"StratasScratch","2094","Highest Earning Merchants","Hard","DoorDash","Premium","https://platform.stratascratch.com/coding/2094-highest-earning-merchants"
"StratasScratch","2095","Three Purchases","Medium","Amazon","Premium","https://platform.stratascratch.com/coding/2095-three-purchases"
"StratasScratch","2096","Completed Tasks","Medium","Asana","Premium","https://platform.stratascratch.com/coding/2096-completed-tasks"
"StratasScratch","2097","Premium Accounts","Medium","Meta, Asana","Premium","https://platform.stratascratch.com/coding/2097-premium-acounts"
"StratasScratch","2098","World Tours","Medium","Expedia, Amadeus, Google","Premium","https://platform.stratascratch.com/coding/2098-world-tours"
"StratasScratch","2099","Election Results","Medium","Deloitte, Google","Premium","https://platform.stratascratch.com/coding/2099-election-results"
"StratasScratch","2101","Maximum of Two Numbers","Medium","Deloitte","Free","https://platform.stratascratch.com/coding/2101-maximum-of-two-numbers"
"StratasScratch","2102","Flags per Video","Medium","Netflix, Google","Free","https://platform.stratascratch.com/coding/2102-flags-per-video"
"StratasScratch","2103","Reviewed flags of top videos","Hard","Google","Premium","https://platform.stratascratch.com/coding/2103-reviewed-flags-of-top-videos"
"StratasScratch","2104","User with Most Approved Flags","Medium","Google","Premium","https://platform.stratascratch.com/coding/2104-user-with-most-approved-flags"
"StratasScratch","2106","Rows With Missing Values","Medium","Google","Premium","https://platform.stratascratch.com/coding/2106-rows-with-missing-values"
"StratasScratch","2108","Responsible for Most Customers","Medium","Asana, Workday, Amazon","Premium","https://platform.stratascratch.com/coding/2108-responsible-for-most-customers"
"StratasScratch","2110","Salary Less Than Twice The Average","Medium","Walmart, Best Buy, Amazon","Free","https://platform.stratascratch.com/coding/2110-salary-less-than-twice-the-average"
"StratasScratch","2111","Sales Growth per Territory","Hard","Shopify, Amazon","Premium","https://platform.stratascratch.com/coding/2111-sales-growth-per-territory"
"StratasScratch","2112","Product Market Share","Hard","Shopify, Amazon","Premium","https://platform.stratascratch.com/coding/2112-product-market-share"
"StratasScratch","2113","Extremely Late Delivery","Medium","Yelp, DoorDash","Premium","https://platform.stratascratch.com/coding/2113-extremely-late-delivery"
"StratasScratch","2114","First Ever Ratings","Medium","DoorDash","Premium","https://platform.stratascratch.com/coding/2114-first-ever-ratings"
"StratasScratch","2115","More Than 100 Dollars","Hard","Salesforce, DoorDash","Premium","https://platform.stratascratch.com/coding/2115-more-than-100-dollars"
"StratasScratch","2117","Employee with Most Orders","Medium","Shopify","Premium","https://platform.stratascratch.com/coding/2117-employee-with-most-orders"
"StratasScratch","2118","Most Sold in Germany","Medium","Shopify","Premium","https://platform.stratascratch.com/coding/2118-most-sold-in-germany"
"StratasScratch","2119","Most Lucrative Products","Medium","Meta","Premium","https://platform.stratascratch.com/coding/2119-most-lucrative-products"
"StratasScratch","2120","First and Last Day Promotion Results","Hard","Meta","Premium","https://platform.stratascratch.com/coding/2120-first-and-last-day"
"StratasScratch","2121","Highest Sales with Promotions","Medium","Meta","Premium","https://platform.stratascratch.com/coding/2121-highest-sales-with-promotions"
"StratasScratch","2122","Products Never Sold","Medium","Meta","Premium","https://platform.stratascratch.com/coding/2122-products-never-sold"
"StratasScratch","2123","Product Families","Hard","Meta","Premium","https://platform.stratascratch.com/coding/2123-product-families"
"StratasScratch","2124","Top Two Media Types","Medium","Meta","Premium","https://platform.stratascratch.com/coding/2124-top-two-media-types"
"StratasScratch","2125","Process a Refund","Medium","Noom","Premium","https://platform.stratascratch.com/coding/2125-process-a-refund"
"StratasScratch","2128","Book Sales","Medium","Amazon","Premium","https://platform.stratascratch.com/coding/2128-book-sales"
"StratasScratch","2130","Duplicate Training Lessons","Medium","General Assembly, Amazon","Premium","https://platform.stratascratch.com/coding/2130-duplicate-training-lessons"
"StratasScratch","2131","User Streaks","Hard","LinkedIn, Meta","Premium","https://platform.stratascratch.com/coding/2131-user-streaks"
"StratasScratch","2132","Caller History","Medium","Etsy, Amazon","Premium","https://platform.stratascratch.com/coding/2132-caller-history"
"StratasScratch","2133","First Three Most Watched Videos","Medium","Netflix, Google","Premium","https://platform.stratascratch.com/coding/2133-first-three-most-watched-videos"
"StratasScratch","2134","Completed Trip within 168 Hours","Hard","Uber","Premium","https://platform.stratascratch.com/coding/2134-completed-trip-within-168-hours"
"StratasScratch","2135","Actual vs Predicted Arrival Time","Medium","Lyft, Uber","Premium","https://platform.stratascratch.com/coding/2135-actual-vs-predicted-arrival-time"
"StratasScratch","2136","Customer Tracking","Hard","Shopify, Amazon","Premium","https://platform.stratascratch.com/coding/2136-customer-tracking"
"StratasScratch","2137","Most Profitable City of 2021","Medium","Lyft","Premium","https://platform.stratascratch.com/coding/2137-most-profitable-city-of-2021"
"StratasScratch","2138","Top 2 Restaurants of 2022","Medium","DoorDash","Premium","https://platform.stratascratch.com/coding/2138-top-3-restaurants-of-2022"
"StratasScratch","2139","Average Age of Claims by Gender","Medium","CVS Health","Premium","https://platform.stratascratch.com/coding/2139-average-age-of-claims-by-gender"
"StratasScratch","2140","Third Highest Total Transaction","Medium","American Express","Premium","https://platform.stratascratch.com/coding/2140-third-highest-total-transaction"
"StratasScratch","2143","Invalid Bank Transactions","Medium","Chase, JP Morgan, Bloomberg","Premium","https://platform.stratascratch.com/coding/2143-invalid-bank-transactions"
"StratasScratch","2144","Flight Satisfaction Query","Medium","Tata Consultancy","Premium","https://platform.stratascratch.com/coding/2144-flight-satisfaction-2022"
"StratasScratch","2145","Date of Highest User Activity","Medium","Tiktok","Premium","https://platform.stratascratch.com/coding/2145-date-of-highest-user-activity"
"StratasScratch","2146","Department Manager and Employee Salary Comparison","Hard","Oracle","Premium","https://platform.stratascratch.com/coding/2146-department-manager-and-employee-salary-comparison"
"StratasScratch","2147","Most Expensive And Cheapest Wine With Ties","Hard","Wine Magazine","Premium","https://platform.stratascratch.com/coding/2147-most-expensive-and-cheapest-wine-with-ties"
"StratasScratch","2148","Monthly Sales Rolling Average","Medium","Amazon","Premium","https://platform.stratascratch.com/coding/2148-monthly-sales-rolling-average"
"StratasScratch","2149","Customer Consumable Sales Percentages","Medium","Meta","Premium","https://platform.stratascratch.com/coding/2149-customer-consumable-sales-percentages"
"StratasScratch","2150","Customers Who Purchased the Same Product","Medium","Meta","Premium","https://platform.stratascratch.com/coding/2150-customers-who-purchased-the-same-product"
"StratasScratch","2152","Successful Customer Sign Up Responses","Medium","Amazon, Shopify","Premium","https://platform.stratascratch.com/coding/2152-successful-customer-sign-up-responses"
"StratasScratch","2153","Average On-Time Order Value","Medium","DoorDash","Premium","https://platform.stratascratch.com/coding/2153-average-on-time-order-value"
"StratasScratch","2154","Top 2 Sales Time Combinations","Medium","Tesla","Premium","https://platform.stratascratch.com/coding/2154-top-2-busiest-sales-days"
"StratasScratch","2155","Ad Performance Rating","Medium","Accenture","Premium","https://platform.stratascratch.com/coding/2155-ad-performance-rating"
"StratasScratch","2157","10% Monthly Sales Increase","Medium","Amazon","Premium","https://platform.stratascratch.com/coding/2157-10-monthly-sales-increase"
"StratasScratch","2158","Sales Evaluation on Media Formats","Medium","Meta","Premium","https://platform.stratascratch.com/coding/2158-sales-evaluation-on-media-formats"
"StratasScratch","2161","Least Popular Video","Medium","Tiktok","Premium","https://platform.stratascratch.com/coding/2161-least-popular-video"
"StratasScratch","2162","Top 3 Year Month Sales","Medium","Deloitte","Premium","https://platform.stratascratch.com/coding/2162-top-3-year-month-sales"
"StratasScratch","2164","Stock Codes with Prices Above Average","Medium","Amazon","Premium","https://platform.stratascratch.com/coding/2164-stock-codes-with-prices-above-average"
"StratasScratch","2165","Sales Percentage Week's Beginning and End","Hard","Meta","Premium","https://platform.stratascratch.com/coding/2165-sales-percentage-weeks-beginning-and-end"
"StratasScratch","2170","Department Workforce Analysis","Medium","Google, Microsoft, Oracle","Free","https://platform.stratascratch.com/coding/2170-department-workforce-analysis"
"StratasScratch","2172","Customers with Large Orders","Medium","Netflix, Uber, DoorDash","Free","https://platform.stratascratch.com/coding/2172-customers-with-large-orders"
"StratasScratch","9599","Old And Young Athletes","Medium","ESPN, Google","Premium","https://platform.stratascratch.com/coding/9599-old-and-young-athletes"
"StratasScratch","9601","Find The Best Day For Trading AAPL Stock","Medium","Forbes","Premium","https://platform.stratascratch.com/coding/9601-find-the-best-day-for-trading-aapl-stock"
"StratasScratch","9603","Find fare differences on the Titanic using a self join","Hard","LinkedIn, Google","Premium","https://platform.stratascratch.com/coding/9603-find-fare-differences-on-the-titanic-using-a-self-join"
"StratasScratch","9605","Find the average rating of movie stars","Medium","Google, Netflix","Premium","https://platform.stratascratch.com/coding/9605-find-the-average-rating-of-movie-stars"
"StratasScratch","9607","The Most Expensive Products Per Category","Medium","Amazon","Premium","https://platform.stratascratch.com/coding/9607-the-most-expensive-products-per-category"
"StratasScratch","9608","Exclusive Amazon Products","Hard","Amazon","Premium","https://platform.stratascratch.com/coding/9608-exclusive-amazon-products"
"StratasScratch","9609","Find Nexus5 control group users in Italy who don't speak Italian","Medium","Google","Premium","https://platform.stratascratch.com/coding/9609-find-nexus5-control-group-users-in-italy-who-dont-speak-italian"
"StratasScratch","9610","Find Students At Median Writing","Medium","General Assembly, Kaplan, Google","Premium","https://platform.stratascratch.com/coding/9610-find-students-with-a-median-writing-score"
"StratasScratch","9611","Find the 80th percentile of hours studied","Medium","General Assembly, Kaplan, Google","Premium","https://platform.stratascratch.com/coding/9611-find-the-80th-percentile-of-hours-studied"
"StratasScratch","9612","Keywords From Yelp Reviews","Hard","Yelp","Premium","https://platform.stratascratch.com/coding/9612-keywords-from-yelp-reviews"
"StratasScratch","9614","Find the average difference between booking and check-in dates","Medium","Airbnb","Premium","https://platform.stratascratch.com/coding/9614-find-the-average-difference-between-booking-and-check-in-dates"
"StratasScratch","9624","Accommodates-To-Bed Ratio","Medium","Airbnb","Premium","https://platform.stratascratch.com/coding/9624-accommodates-to-bed-ratio"
"StratasScratch","9629","Find the count of verified and non-verified Airbnb hosts","Medium","Airbnb","Premium","https://platform.stratascratch.com/coding/9629-find-the-count-of-verified-and-non-verified-airbnb-hosts"
"StratasScratch","9632","Host Popularity Rental Prices","Medium","Airbnb","Premium","https://platform.stratascratch.com/coding/9632-host-popularity-rental-prices"
"StratasScratch","9634","Host Response Rates With Cleaning Fees","Medium","Airbnb","Premium","https://platform.stratascratch.com/coding/9634-host-response-rates-with-cleaning-fees"
"StratasScratch","9636","Cheapest Neighborhood With Real Beds And Internet","Medium","Airbnb","Premium","https://platform.stratascratch.com/coding/9636-cheapest-neighborhoods-with-real-beds-and-internet"
"StratasScratch","9637","Growth of Airbnb","Hard","Airbnb","Premium","https://platform.stratascratch.com/coding/9637-growth-of-airbnb"
"StratasScratch","9638","Total Searches For Rooms","Medium","Airbnb","Premium","https://platform.stratascratch.com/coding/9638-total-searches-for-rooms"
"StratasScratch","9642","Find the unique room types","Medium","Airbnb","Premium","https://platform.stratascratch.com/coding/9642-find-the-number-of-unique-properties"
"StratasScratch","9650","Top 10 Songs 2010","Medium","Spotify","Free","https://platform.stratascratch.com/coding/9650-find-the-top-10-ranked-songs-in-2010"
"StratasScratch","9657","Find the year which had the highest number of players","Medium","ESPN","Premium","https://platform.stratascratch.com/coding/9657-find-the-year-which-had-the-highest-number-of-players"
"StratasScratch","9658","Underweight/Overweight Athletes","Medium","ESPN","Premium","https://platform.stratascratch.com/coding/9658-underweightoverweight-athletes"
"StratasScratch","9661","Find the student with the highest efficiency for mathematics","Medium","General Assembly, Kaplan, Google","Premium","https://platform.stratascratch.com/coding/9661-find-the-student-with-the-highest-efficiency-for-mathematics"
"StratasScratch","9668","English, German, French, Spanish Speakers","Medium","Google","Premium","https://platform.stratascratch.com/coding/9668-english-german-french-spanish-speakers"
"StratasScratch","9694","Single Facility Corporations","Medium","City of Los Angeles","Premium","https://platform.stratascratch.com/coding/9694-single-facility-corporations"
"StratasScratch","9700","Rules To Determine Grades","Medium","City of Los Angeles","Premium","https://platform.stratascratch.com/coding/9700-rules-to-determine-grades"
"StratasScratch","9701","3rd Most Reported Health Issues","Hard","City of Los Angeles","Premium","https://platform.stratascratch.com/coding/9701-3rd-most-reported-health-issues"
"StratasScratch","9705","Find the total number of inspections with low risk in 2017","Medium","City of Los Angeles","Premium","https://platform.stratascratch.com/coding/9705-find-the-total-number-of-inspections-with-low-risk-in-2017"
"StratasScratch","9706","Find the month which had the lowest number of inspections across all years","Medium","City of Los Angeles","Premium","https://platform.stratascratch.com/coding/9706-find-the-month-which-had-the-lowest-number-of-inspections-for-fish-markets-across-all-years"
"StratasScratch","9708","URL        : https://platform.stratascratch.com/coding/9708-find-the-variance-and-the-standard-deviation-of-scores-that-have-grade-a","Hard","City of Los Angeles","Premium","https://platform.stratascratch.com/coding/9708-find-the-variance-and-the-standard-deviation-of-scores-that-have-grade-a"
"StratasScratch","9710","Owners With 3 Grades","Medium","Tripadvisor, City of Los Angeles","Premium","https://platform.stratascratch.com/coding/9710-owners-with-3-grades"
"StratasScratch","9711","Facilities With Lots Of Inspections","Hard","City of Los Angeles","Premium","https://platform.stratascratch.com/coding/9711-facilities-with-lots-of-inspections"
"StratasScratch","9712","Find the first and last times the maximum score was awarded","Medium","City of Los Angeles","Premium","https://platform.stratascratch.com/coding/9712-find-the-first-and-last-times-the-maximum-score-was-awarded"
"StratasScratch","9713","Find the scores of 4 quartiles of each company","Hard","City of Los Angeles","Premium","https://platform.stratascratch.com/coding/9713-find-the-scores-of-4-quartiles-of-each-company"
"StratasScratch","9714","Dates Of Inspection","Hard","City of Los Angeles","Premium","https://platform.stratascratch.com/coding/9714-dates-of-inspection"
"StratasScratch","9724","Find the postal code which has the highest average inspection score","Medium","City of San Francisco","Premium","https://platform.stratascratch.com/coding/9724-find-the-postal-code-which-has-the-highest-average-inspection-score"
"StratasScratch","9726","Classify Business Type","Medium","City of San Francisco","Premium","https://platform.stratascratch.com/coding/9726-classify-business-type"
"StratasScratch","9727","Find the number of violations that each school had","Medium","City of San Francisco","Premium","https://platform.stratascratch.com/coding/9727-find-the-number-of-violations-that-each-school-had"
"StratasScratch","9729","Inspections Per Risk Category","Medium","City of San Francisco","Premium","https://platform.stratascratch.com/coding/9729-inspections-per-risk-category"
"StratasScratch","9731","Find all businesses whose lowest and highest inspection scores are different","Medium","City of San Francisco","Premium","https://platform.stratascratch.com/coding/9731-find-all-businesses-whose-lowest-and-highest-inspection-scores-are-different"
"StratasScratch","9732","Find the first and last inspection dates for vermin infestations per municipality","Medium","City of San Francisco","Premium","https://platform.stratascratch.com/coding/9732-find-the-first-and-last-inspection-dates-for-vermin-infestations-per-municipality"
"StratasScratch","9733","Find the number of complaints that ended in a violation","Medium","City of San Francisco","Premium","https://platform.stratascratch.com/coding/9733-find-the-number-of-complaints-that-ended-in-a-violation"
"StratasScratch","9734","Number Of Inspections By Zip","Hard","City of San Francisco","Premium","https://platform.stratascratch.com/coding/9734-number-of-inspections-by-zip"
"StratasScratch","9736","Highest Number Of High-risk Violations","Hard","City of San Francisco","Premium","https://platform.stratascratch.com/coding/9736-highest-number-of-high-risk-violations"
"StratasScratch","9737","Verify that the first 4 digits are equal to 1415 for all phone numbers","Medium","City of San Francisco","Premium","https://platform.stratascratch.com/coding/9737-verify-that-the-first-4-digits-are-equal-to-1415-for-all-phone-numbers"
"StratasScratch","9739","Worst Businesses","Hard","City of San Francisco","Premium","https://platform.stratascratch.com/coding/9739-worst-businesses"
"StratasScratch","9740","Daily Violation Counts","Medium","City of San Francisco","Premium","https://platform.stratascratch.com/coding/9740-daily-violation-counts"
"StratasScratch","9741","Inspection Scores For Businesses","Hard","City of San Francisco","Premium","https://platform.stratascratch.com/coding/9741-inspection-scores-for-businesses"
"StratasScratch","9743","Top 10 Songs","Medium","Spotify","Premium","https://platform.stratascratch.com/coding/9743-top-10-songs"
"StratasScratch","9744","The Best Artist","Medium","Spotify","Premium","https://platform.stratascratch.com/coding/9744-artist-of-the-decade"
"StratasScratch","9745","Find the best artists in the last 20 years","Medium","Spotify","Premium","https://platform.stratascratch.com/coding/9745-find-the-best-artists-in-the-last-50-years"
"StratasScratch","9746","Find top crime categories in 2014 based on the number of occurrences","Medium","City of San Francisco","Premium","https://platform.stratascratch.com/coding/9746-find-top-crime-categories-in-2014-based-on-the-number-of-occurrences"
"StratasScratch","9748","Find districts with the most crime incidents","Medium","City of San Francisco","Premium","https://platform.stratascratch.com/coding/9748-find-districts-with-the-most-crime-incidents"
"StratasScratch","9750","Find the nominee who has won the most Oscars","Medium","Spotify, Netflix","Premium","https://platform.stratascratch.com/coding/9750-find-the-nominee-who-has-won-the-most-oscars"
"StratasScratch","9751","Nominees Without An Oscar","Medium","BuzzFeed, Netflix","Premium","https://platform.stratascratch.com/coding/9751-nominees-without-an-oscar"
"StratasScratch","9753","Find movies that had the most nominated actors/actresses","Medium","BuzzFeed, Netflix","Premium","https://platform.stratascratch.com/coding/9753-find-movies-that-had-the-most-nominated-actorsactresses"
"StratasScratch","9754","Best Actors/Actresses Of All Time","Medium","Netflix","Premium","https://platform.stratascratch.com/coding/9754-best-actorsactresses-of-all-time"
"StratasScratch","9759","NFL Powerhouse Colleges","Medium","ESPN","Premium","https://platform.stratascratch.com/coding/9759-nfl-powerhouse-colleges"
"StratasScratch","9761","Find the number of nights that are searching for when trying to book a host","Medium","Airbnb","Premium","https://platform.stratascratch.com/coding/9761-find-the-number-of-nights-that-are-searching-for-when-trying-to-book-a-host"
"StratasScratch","9762","Find the day of the week that most people check in","Medium","Airbnb","Premium","https://platform.stratascratch.com/coding/9762-find-the-day-of-the-week-that-most-people-check-in"
"StratasScratch","9763","Most Popular Room Types","Hard","Airbnb","Premium","https://platform.stratascratch.com/coding/9763-most-popular-room-types"
"StratasScratch","9773","Day 1 Common Reactions","Medium","Meta","Premium","https://platform.stratascratch.com/coding/9773-day-1-common-reactions"
"StratasScratch","9776","Common Interests Amongst Users","Hard","Meta","Premium","https://platform.stratascratch.com/coding/9776-common-interests-amongst-users"
"StratasScratch","9777","Successfully Sent Messages","Medium","Meta","Premium","https://platform.stratascratch.com/coding/9777-successfully-sent-messages"
"StratasScratch","9779","Daily Interactions By Users Count","Medium","Meta","Premium","https://platform.stratascratch.com/coding/9779-daily-interactions-by-users-count"
"StratasScratch","9781","Processed Ticket Rate By Type","Medium","Meta","Free","https://platform.stratascratch.com/coding/9781-find-the-rate-of-processed-tickets-for-each-type"
"StratasScratch","9782","Customer Revenue In March","Medium","Amazon, Meta","Premium","https://platform.stratascratch.com/coding/9782-customer-revenue-in-march"
"StratasScratch","9784","Time Between Two Events","Hard","Meta","Premium","https://platform.stratascratch.com/coding/9784-time-between-two-events"
"StratasScratch","9789","Find the total number of approved friendship requests in January and February","Medium","Meta","Premium","https://platform.stratascratch.com/coding/9789-find-the-total-number-of-approved-friendship-requests-in-january-and-february"
"StratasScratch","9790","Find the number of processed and not-processed complaints of each type","Hard","Meta","Premium","https://platform.stratascratch.com/coding/9790-find-the-number-of-processed-and-not-processed-complaints-of-each-type"
"StratasScratch","9791","Views Per Keyword","Hard","Meta","Premium","https://platform.stratascratch.com/coding/9791-views-per-keyword"
"StratasScratch","9792","User Feature Completion","Medium","Meta","Premium","https://platform.stratascratch.com/coding/9792-user-feature-completion"
"StratasScratch","9793","Average Time Between Steps","Hard","Meta","Premium","https://platform.stratascratch.com/coding/9793-average-time-between-steps"
"StratasScratch","9794","Words With Two Vowels","Hard","Google","Premium","https://platform.stratascratch.com/coding/9794-words-with-two-vowels"
"StratasScratch","9795","Find the country that has the most companies listed on Forbes","Medium","Forbes","Premium","https://platform.stratascratch.com/coding/9795-find-the-country-that-has-the-most-companies-listed-on-forbes"
"StratasScratch","9796","Find the most popular sector in the Forbes list","Medium","Forbes","Premium","https://platform.stratascratch.com/coding/9796-find-the-most-popular-sector-in-the-forbes-list"
"StratasScratch","9797","Find industries with the highest number of companies","Medium","Forbes","Premium","https://platform.stratascratch.com/coding/9797-find-industries-with-the-highest-number-of-companies"
"StratasScratch","9799","Find industries with the highest market value in Asia","Medium","Forbes","Premium","https://platform.stratascratch.com/coding/9799-find-industries-with-the-highest-market-value-in-asia"
"StratasScratch","9802","Top 3 US Sectors","Medium","Forbes","Premium","https://platform.stratascratch.com/coding/9802-top-3-us-sectors"
"StratasScratch","9804","Find the continent with the highest number of companies","Medium","Forbes","Premium","https://platform.stratascratch.com/coding/9804-find-continents-that-have-the-highest-number-of-companies"
"StratasScratch","9810","Find all users that have more than 3 friends","Medium","Google","Premium","https://platform.stratascratch.com/coding/9810-find-all-uses-that-have-more-than-3-friends"
"StratasScratch","9811","Find the minimal adwords earnings for each business type","Medium","Google","Premium","https://platform.stratascratch.com/coding/9811-find-the-minimal-adwords-earnings-for-each-business-type"
"StratasScratch","9812","Count the number of words per row in both words lists","Medium","Google","Premium","https://platform.stratascratch.com/coding/9812-count-the-number-of-words-per-row-in-both-words-lists"
"StratasScratch","9813","Make the friends network symmetric","Medium","Google","Free","https://platform.stratascratch.com/coding/9813-make-the-friends-network-symmetric"
"StratasScratch","9814","Counting Instances in Text","Hard","Google","Free","https://platform.stratascratch.com/coding/9814-counting-instances-in-text"
"StratasScratch","9815","Price Of A Handyman","Hard","Google","Premium","https://platform.stratascratch.com/coding/9815-price-of-a-handyman"
"StratasScratch","9816","Find the list of intersections between both word lists","Hard","Google","Premium","https://platform.stratascratch.com/coding/9816-find-the-list-of-intersections-between-both-word-lists"
"StratasScratch","9817","Count Occurrences Of Words In Drafts","Medium","Google","Free","https://platform.stratascratch.com/coding/9817-find-the-number-of-times-each-word-appears-in-drafts"
"StratasScratch","9818","File Contents Shuffle","Hard","Google","Premium","https://platform.stratascratch.com/coding/9818-file-contents-shuffle"
"StratasScratch","9819","Sum Of Transportation Numbers","Medium","Uber, Tesla, Google","Premium","https://platform.stratascratch.com/coding/9819-sum-of-transportation-numbers"
"StratasScratch","9821","Common Friends Friend","Hard","Google","Premium","https://platform.stratascratch.com/coding/9821-common-friends-friend"
"StratasScratch","9822","Find the average number of friends a user has","Hard","Google","Premium","https://platform.stratascratch.com/coding/9822-find-the-average-number-of-friends-a-user-has"
"StratasScratch","9823","Common Letters","Hard","Google","Premium","https://platform.stratascratch.com/coding/9823-common-letters"
"StratasScratch","9848","Workers Who Are Also Managers","Medium","DoorDash, Bosch, Amazon","Premium","https://platform.stratascratch.com/coding/9848-find-all-workers-who-are-also-managers"
"StratasScratch","9849","Find the duplicate records in the dataset","Medium","Google, Amazon","Premium","https://platform.stratascratch.com/coding/9849-find-the-duplicate-records-in-the-dataset"
"StratasScratch","9853","Top 10 Salaries","Medium","Asana, Amazon","Premium","https://platform.stratascratch.com/coding/9853-find-the-top-5-highest-salaries"
"StratasScratch","9855","Fifth Highest Salary Without TOP or LIMIT","Medium","Asana, Amazon","Premium","https://platform.stratascratch.com/coding/9855-find-the-5th-highest-salary-without-using-top-or-limit"
"StratasScratch","9856","Employees With the Same Salary","Medium","Amazon","Free","https://platform.stratascratch.com/coding/9856-find-employees-with-the-same-salary"
"StratasScratch","9857","Second Highest Salary Without ORDER BY","Medium","Instacart, Amazon","Premium","https://platform.stratascratch.com/coding/9857-find-the-second-highest-salary-without-using-order-by"
"StratasScratch","9858","Duplicate HR Department Employees","Medium","Amazon","Free","https://platform.stratascratch.com/coding/9858-find-employees-in-the-hr-department-and-output-the-result-with-one-duplicate"
"StratasScratch","9859","First 50% of Records From Dataset","Medium","Bosch, Amazon","Premium","https://platform.stratascratch.com/coding/9859-find-the-first-50-records-of-the-dataset"
"StratasScratch","9860","Departments With Less Than 4 Employees","Medium","Amazon","Premium","https://platform.stratascratch.com/coding/9860-find-departments-with-less-than-4-employees"
"StratasScratch","9865","Highest Salaried Employees By Department","Medium","Visa, Amazon","Premium","https://platform.stratascratch.com/coding/9865-highest-salaried-employees"
"StratasScratch","9870","Highest Salary","Medium","Siemens, Amazon","Premium","https://platform.stratascratch.com/coding/9870-highest-salary"
"StratasScratch","9874","Find the top ten hotels with the highest ratings","Medium","Google, Expedia, Airbnb","Premium","https://platform.stratascratch.com/coding/9874-find-the-top-ten-hotels-with-the-highest-ratings"
"StratasScratch","9875","Find the 10 lowest rated hotels.","Medium","Google, Airbnb","Premium","https://platform.stratascratch.com/coding/9875-find-the-ten-hotels-with-the-lowest-ratings"
"StratasScratch","9876","Find the top two hotels with the most negative reviews","Medium","Tripadvisor, Expedia, Airbnb","Premium","https://platform.stratascratch.com/coding/9876-find-the-top-ten-hotels-with-the-most-negative-reviews-in-summer-june-aug"
"StratasScratch","9878","Countries With Most Negative Reviews","Medium","Google, Airbnb","Premium","https://platform.stratascratch.com/coding/9878-countries-with-most-negative-reviews"
"StratasScratch","9879","Find the countries with the most positive reviews","Medium","Airbnb","Premium","https://platform.stratascratch.com/coding/9879-find-the-countries-with-the-most-positive-reviews"
"StratasScratch","9881","Titanic Survivors and Non-Survivors","Medium","Tesla, Google","Free","https://platform.stratascratch.com/coding/9881-make-a-report-showing-the-number-of-survivors-and-non-survivors-by-passenger-class"
"StratasScratch","9882","Find how the survivors are distributed by the gender and passenger classes","Medium","Google","Premium","https://platform.stratascratch.com/coding/9882-find-how-the-survivors-are-distributed-by-the-gender-and-passenger-classes"
"StratasScratch","9883","Find the oldest survivor per passenger class","Hard","Google","Premium","https://platform.stratascratch.com/coding/9883-find-the-oldest-survivor-per-passenger-class"
"StratasScratch","9889","Find how many logins Spanish speakers made by country","Medium","Google","Premium","https://platform.stratascratch.com/coding/9889-find-how-many-logins-spanish-speakers-made-by-country"
"StratasScratch","9892","Second Highest Salary","Medium","Dropbox, Amazon","Free","https://platform.stratascratch.com/coding/9892-second-highest-salary"
"StratasScratch","9893","Frequent Customers","Medium","Amazon, Apple","Premium","https://platform.stratascratch.com/coding/9893-duplicate-orders"
"StratasScratch","9894","Employee and Manager Salaries","Medium","Walmart, Best Buy, Dropbox","Free","https://platform.stratascratch.com/coding/9894-employee-and-manager-salaries"
"StratasScratch","9895","Duplicate Emails","Medium","Dropbox, Coca-Cola, Dell, Salesforce","Premium","https://platform.stratascratch.com/coding/9895-duplicate-emails"
"StratasScratch","9896","Customers Without Orders","Medium","Amazon, Apple","Premium","https://platform.stratascratch.com/coding/9896-customers-without-orders"
"StratasScratch","9897","Highest Salary In Department","Medium","Asana, Twitter","Free","https://platform.stratascratch.com/coding/9897-highest-salary-in-department"
"StratasScratch","9898","Distinct Salaries","Hard","Twitter","Premium","https://platform.stratascratch.com/coding/9898-unique-salaries"
"StratasScratch","9899","Proportion Of Total Spend","Medium","Etsy, Amazon","Premium","https://platform.stratascratch.com/coding/9899-percentage-of-total-spend"
"StratasScratch","9900","Median Salary","Hard","Walmart, The Honest Company, Twitter","Premium","https://platform.stratascratch.com/coding/9900-median-salary"
"StratasScratch","9901","Super Managers","Medium","Walmart, PayPal","Premium","https://platform.stratascratch.com/coding/9901-super-managers"
"StratasScratch","9904","Highest Target","Medium","Sears, Salesforce","Premium","https://platform.stratascratch.com/coding/9904-highest-target"
"StratasScratch","9905","Highest Target Under Manager","Medium","Salesforce","Free","https://platform.stratascratch.com/coding/9905-highest-target-under-manager"
"StratasScratch","9908","Customer Orders and Details","Medium","Ebay, Amazon","Premium","https://platform.stratascratch.com/coding/9908-customer-orders-and-details"
"StratasScratch","9909","Highest Number Of Orders","Medium","Walmart, Amazon","Premium","https://platform.stratascratch.com/coding/9909-highest-number-of-orders"
"StratasScratch","9910","Favorite Customer","Medium","Ebay, Shopify, Amazon","Premium","https://platform.stratascratch.com/coding/9910-favorite-customer"
"StratasScratch","9915","Highest Cost Orders","Medium","Shopify, Amazon","Premium","https://platform.stratascratch.com/coding/9915-highest-cost-orders"
"StratasScratch","9919","Unique Highest Salary","Hard","LinkedIn, Salesforce","Premium","https://platform.stratascratch.com/coding/9919-unique-highest-salary"
"StratasScratch","9921","Department Salaries","Medium","LinkedIn, Glassdoor, Apple","Premium","https://platform.stratascratch.com/coding/9921-department-salaries"
"StratasScratch","9926","Find library types with the highest total checkouts made by adults registered in 2010","Medium","City of San Francisco","Premium","https://platform.stratascratch.com/coding/9926-find-library-types-with-the-highest-total-checkouts-made-by-adults-registered-in-2010"
"StratasScratch","9927","Libraries With Highest Checkouts","Medium","City of San Francisco","Premium","https://platform.stratascratch.com/coding/9927-libraries-with-highest-checkouts"
"StratasScratch","9928","Find months with the highest number of checkouts for main libraries in 2013","Medium","City of San Francisco","Premium","https://platform.stratascratch.com/coding/9928-find-months-with-the-highest-number-of-checkouts-for-main-libraries-in-2013"
"StratasScratch","9929","Find the average total checkouts from Chinatown libraries in 2016","Medium","City of San Francisco","Premium","https://platform.stratascratch.com/coding/9929-find-the-average-total-checkouts-from-chinatown-libraries-in-2016"
"StratasScratch","9941","Find the number of athletes that participated in each Olympics season","Medium","ESPN","Premium","https://platform.stratascratch.com/coding/9941-find-the-number-of-athletes-that-participated-in-each-olympics-season"
"StratasScratch","9942","Largest Olympics","Medium","ESPN","Premium","https://platform.stratascratch.com/coding/9942-largest-olympics"
"StratasScratch","9945","Find all distinct sports that obese people participated in","Medium","ESPN","Premium","https://platform.stratascratch.com/coding/9945-find-all-distinct-sports-that-obese-people-participated-in"
"StratasScratch","9946","Find the year in which the shortest athlete participated","Medium","ESPN","Premium","https://platform.stratascratch.com/coding/9946-find-the-year-in-which-the-shortest-athlete-participated"
"StratasScratch","9947","Find how many athletes competing in Football won Gold medals by their NOC and gender","Medium","ESPN","Premium","https://platform.stratascratch.com/coding/9947-find-how-many-athletes-competing-in-football-won-gold-medals-by-their-noc-and-gender"
"StratasScratch","9949","Athletes On Single Or Multiple Teams","Medium","ESPN","Premium","https://platform.stratascratch.com/coding/9949-athletes-on-single-or-multiple-teams"
"StratasScratch","9951","European Olympics","Medium","ESPN","Premium","https://platform.stratascratch.com/coding/9951-european-olympics"
"StratasScratch","9952","Name to Medal Connection","Hard","ESPN","Premium","https://platform.stratascratch.com/coding/9952-name-to-medal-connection"
"StratasScratch","9953","Olympics Gender Ratio","Hard","ESPN","Premium","https://platform.stratascratch.com/coding/9953-find-the-gender-ratio-between-the-number-of-men-and-women-who-participated-in-each-olympics"
"StratasScratch","9955","Norwegian Alpine Skiers","Hard","ESPN","Premium","https://platform.stratascratch.com/coding/9955-norwegian-alpine-skiers"
"StratasScratch","9957","Find how the average male height changed between each Olympics from 1896 to 2016","Hard","ESPN","Premium","https://platform.stratascratch.com/coding/9957-find-how-the-average-male-height-changed-between-each-olympics-from-1896-to-2016"
"StratasScratch","9958","Median Age Of Gold Medal Winners","Medium","ESPN","Premium","https://platform.stratascratch.com/coding/9958-median-age-of-gold-medal-winners"
"StratasScratch","9959","Olympic Medals By Chinese Athletes","Hard","ESPN","Premium","https://platform.stratascratch.com/coding/9959-olympic-medals-by-chinese-athletes"
"StratasScratch","9961","Find quarterbacks who have achieved high average game points during their careers","Medium","ESPN","Premium","https://platform.stratascratch.com/coding/9961-find-quarterbacks-who-have-achieved-high-average-game-points-during-their-careers"
"StratasScratch","9964","Find whether quarterbacks performed better at home or away in 2016","Medium","ESPN","Premium","https://platform.stratascratch.com/coding/9964-find-whether-quarterbacks-performed-better-at-home-or-away-in-2016"
"StratasScratch","9965","Average Number Of Points","Medium","ESPN","Premium","https://platform.stratascratch.com/coding/9965-average-number-of-points"
"StratasScratch","9966","Quarterback With The Longest Throw","Hard","ESPN","Premium","https://platform.stratascratch.com/coding/9966-quarterback-with-the-longest-throw"
"StratasScratch","9967","QB With Highest TDs","Medium","ESPN","Premium","https://platform.stratascratch.com/coding/9967-qb-with-highest-tds"
"StratasScratch","9968","Find quarterbacks that played the most games in 2016","Medium","ESPN","Premium","https://platform.stratascratch.com/coding/9968-find-how-many-games-quarterbacks-played-in-2016"
"StratasScratch","9970","QBs With Most Attempts","Medium","ESPN","Premium","https://platform.stratascratch.com/coding/9970-qbs-with-most-attempts"
"StratasScratch","9977","Find the number of police officers, firefighters, and medical staff employees","Hard","City of San Francisco","Premium","https://platform.stratascratch.com/coding/9977-find-the-number-of-police-officers-firefighters-and-medical-staff-employees"
"StratasScratch","9978","Find employees who earned the highest and the lowest total pay without any benefits","Medium","City of San Francisco","Premium","https://platform.stratascratch.com/coding/9978-find-employees-who-earned-the-highest-and-the-lowest-total-pay-without-any-benefits"
"StratasScratch","9979","Find the top 5 highest paid and top 5 least paid employees in 2012","Hard","City of San Francisco","Premium","https://platform.stratascratch.com/coding/9979-find-the-top-5-highest-paid-and-top-5-least-paid-employees-in-2012"
"StratasScratch","9980","Employee With Lowest Pay","Medium","City of San Francisco","Premium","https://platform.stratascratch.com/coding/9980-employee-with-lowest-pay"
"StratasScratch","9981","Employees Without Benefits","Hard","City of San Francisco","Premium","https://platform.stratascratch.com/coding/9981-employees-without-benefits"
"StratasScratch","9983","Median Job Salaries","Hard","City of San Francisco","Premium","https://platform.stratascratch.com/coding/9983-median-job-salaries"
"StratasScratch","9984","Highest And Lowest Paying Jobs","Medium","City of San Francisco","Premium","https://platform.stratascratch.com/coding/9984-highest-and-lowest-paying-jobs"
"StratasScratch","9985","Above Average But Not At The Top","Hard","City of San Francisco","Premium","https://platform.stratascratch.com/coding/9985-above-average-but-not-at-the-top"
"StratasScratch","9986","Find the top 5 least paid employees for each job title","Hard","City of San Francisco","Premium","https://platform.stratascratch.com/coding/9986-find-the-top-5-least-paid-employees-for-each-job-title"
"StratasScratch","9987","Overtime Pay","Medium","City of San Francisco","Premium","https://platform.stratascratch.com/coding/9987-overtime-pay"
"StratasScratch","9989","Highest Paid City Employees","Hard","City of San Francisco","Premium","https://platform.stratascratch.com/coding/9989-highest-paid-city-employees"
"StratasScratch","9993","Find artists with the highest number of top 10 ranked songs over the years","Medium","Spotify","Premium","https://platform.stratascratch.com/coding/9993-find-artists-with-the-highest-number-of-top-10-ranked-songs-over-the-years"
"StratasScratch","10008","Sum Of Numbers","Medium","Tesla, Uber","Premium","https://platform.stratascratch.com/coding/10008-sum-of-numbers"
"StratasScratch","10010","Find The Combinations","Medium","Lyft, Uber","Premium","https://platform.stratascratch.com/coding/10010-find-the-combinations"
"StratasScratch","10011","Find Pairs with Product Over 11","Medium","Delta Airlines, Uber","Premium","https://platform.stratascratch.com/coding/10011-find-all-number-pairs-whose-first-number-is-smaller-than-the-second-one-and-the-product-of-two-numbers-is-larger-than-11"
"StratasScratch","10012","Advertising Channel Effectiveness","Medium","Uber","Premium","https://platform.stratascratch.com/coding/10012-advertising-channel-effectiveness"
"StratasScratch","10013","Positive Ad Channels","Hard","Uber","Premium","https://platform.stratascratch.com/coding/10013-positive-ad-channels"
"StratasScratch","10016","Churn Rate Of Lyft Drivers","Medium","Lyft","Premium","https://platform.stratascratch.com/coding/10016-churn-rate-of-lyft-drivers"
"StratasScratch","10019","Find the fraction of rides for each weather and the hour","Hard","Lyft","Premium","https://platform.stratascratch.com/coding/10019-find-the-probability-of-ordering-a-ride-based-on-the-weather-and-the-hour"
"StratasScratch","10025","Find all possible varieties which occur in either of the winemag datasets","Medium","Wine Magazine","Free","https://platform.stratascratch.com/coding/10025-find-all-possible-varieties-which-occur-in-either-of-the-winemag-datasets"
"StratasScratch","10026","Aroma-based Winery Search.","Medium","Wine Magazine","Premium","https://platform.stratascratch.com/coding/10026-find-all-wineries-which-produce-wines-by-possessing-aromas-of-plum-cherry-rose-or-hazelnut"
"StratasScratch","10028","Find the number of wines each taster tasted within the variation","Medium","Wine Magazine","Premium","https://platform.stratascratch.com/coding/10028-find-the-number-of-wines-of-each-variety-that-has-been-tasted-by-each-taster"
"StratasScratch","10029","Price Of Wines In Each Country","Medium","Wine Magazine","Premium","https://platform.stratascratch.com/coding/10029-price-of-wines-in-each-country"
"StratasScratch","10030","Total Wine Revenue","Medium","Wine Magazine","Premium","https://platform.stratascratch.com/coding/10030-total-wine-revenue"
"StratasScratch","10031","Find the number of Bodegas outside of Spain that produce wines with the blackberry taste","Medium","Wine Magazine","Premium","https://platform.stratascratch.com/coding/10031-find-the-number-of-bodegas-outside-of-spain-by-the-country-and-region-that-produces-wines-with-the-blackberry-taste"
"StratasScratch","10032","Best Wines By Points-To-Price","Medium","Wine Magazine","Premium","https://platform.stratascratch.com/coding/10032-best-wines-by-points-to-price"
"StratasScratch","10033","Wine Variety Revenues","Medium","Wine Magazine","Premium","https://platform.stratascratch.com/coding/10033-wine-variety-revenues"
"StratasScratch","10035","Find the number of wines with and without designations per country","Medium","Wine Magazine","Premium","https://platform.stratascratch.com/coding/10035-find-the-number-of-wines-with-and-without-designations-per-country"
"StratasScratch","10037","Find Favourite Wine Variety","Hard","Wine Magazine","Premium","https://platform.stratascratch.com/coding/10037-find-favourite-wine-variety"
"StratasScratch","10038","Find all provinces which produced more wines in 'winemag_p1' than they did in 'winemag_p2'","Medium","Wine Magazine","Premium","https://platform.stratascratch.com/coding/10038-find-all-provinces-which-produced-more-wines-in-winemag_p1-than-they-did-in-winemag_p2"
"StratasScratch","10039","Macedonian Vintages","Medium","Wine Magazine","Premium","https://platform.stratascratch.com/coding/10039-macedonian-vintages"
"StratasScratch","10040","Find all wines from the winemag_p2 dataset which are produced in countries that have the highest sum of points in the winemag_p1 dataset","Hard","Wine Magazine","Premium","https://platform.stratascratch.com/coding/10040-find-all-wines-from-the-winemag_p2-dataset-which-are-produced-in-countries-that-have-the-highest-sum-of-points-in-the-winemag_p1-dataset"
"StratasScratch","10041","Most Expensive And Cheapest Wine","Hard","Wine Magazine","Premium","https://platform.stratascratch.com/coding/10041-most-expensive-and-cheapest-wine"
"StratasScratch","10042","Top 3 Wineries In The World","Hard","Wine Magazine","Premium","https://platform.stratascratch.com/coding/10042-top-3-wineries-in-the-world"
"StratasScratch","10043","Median Price Of Wines","Hard","Wine Magazine","Premium","https://platform.stratascratch.com/coding/10043-median-price-of-wines"
"StratasScratch","10044","Highest Priced Wine In The US","Medium","Wine Magazine","Premium","https://platform.stratascratch.com/coding/10044-highest-priced-wine-in-the-us"
"StratasScratch","10046","Top 5 States With 5 Star Businesses","Hard","Yelp","Premium","https://platform.stratascratch.com/coding/10046-top-5-states-with-5-star-businesses"
"StratasScratch","10048","Top Businesses With Most Reviews","Medium","Yelp","Free","https://platform.stratascratch.com/coding/10048-top-businesses-with-most-reviews"
"StratasScratch","10049","Reviews of Categories","Medium","Yelp","Free","https://platform.stratascratch.com/coding/10049-reviews-of-categories"
"StratasScratch","10053","Most Checkins","Medium","Yelp","Premium","https://platform.stratascratch.com/coding/10053-most-checkins"
"StratasScratch","10060","Top Cool Votes","Medium","Yelp","Free","https://platform.stratascratch.com/coding/10060-top-cool-votes"
"StratasScratch","10062","Fans vs Opposition","Hard","Meta","Premium","https://platform.stratascratch.com/coding/10062-fans-vs-opposition"
"StratasScratch","10065","Find whether the number of seniors works at Meta/Facebook is higher than its number of USA based employees","Medium","Meta","Premium","https://platform.stratascratch.com/coding/10065-find-whether-the-number-of-seniors-works-at-facebook-is-higher-than-its-number-of-usa-based-employees"
"StratasScratch","10067","Google Fit User Tracking","Hard","Google","Premium","https://platform.stratascratch.com/coding/10067-google-fit-user-tracking"
"StratasScratch","10068","User Email Labels","Medium","Google","Premium","https://platform.stratascratch.com/coding/10068-user-email-labels"
"StratasScratch","10070","DeepMind employment competition","Medium","Google","Premium","https://platform.stratascratch.com/coding/10070-deepmind-employment-competition"
"StratasScratch","10071","Hosts' Abroad Apartments","Medium","Airbnb","Premium","https://platform.stratascratch.com/coding/10071-hosts-abroad-apartments"
"StratasScratch","10073","Favorite Host Nationality","Medium","Airbnb","Premium","https://platform.stratascratch.com/coding/10073-favorite-host-nationality"
"StratasScratch","10074","Find the average age of guests reviewed by each host","Medium","Airbnb","Premium","https://platform.stratascratch.com/coding/10074-find-the-average-age-of-guests-reviewed-by-each-host"
"StratasScratch","10077","Income By Title and Gender","Medium","City of San Francisco","Free","https://platform.stratascratch.com/coding/10077-income-by-title-and-gender"
"StratasScratch","10078","Matching Similar Hosts and Guests","Medium","Airbnb","Free","https://platform.stratascratch.com/coding/10078-find-matching-hosts-and-guests-in-a-way-that-they-are-both-of-the-same-gender-and-nationality"
"StratasScratch","10081","Find the number of employees who received the bonus and who didn't","Hard","Dell, Microsoft","Premium","https://platform.stratascratch.com/coding/10081-find-the-number-of-employees-who-received-the-bonus-and-who-didnt"
"StratasScratch","10083","Start Dates Of Top Drivers","Medium","Lyft","Premium","https://platform.stratascratch.com/coding/10083-start-dates-of-top-drivers"
"StratasScratch","10085","Meta/Facebook Matching Users Pairs","Medium","Meta","Free","https://platform.stratascratch.com/coding/10085-facebook-matching-users-pairs"
"StratasScratch","10086","Email Details Based On Sends","Medium","Google","Premium","https://platform.stratascratch.com/coding/10086-email-details-based-on-sends"
"StratasScratch","10088","Liked' Posts","Medium","Meta","Premium","https://platform.stratascratch.com/coding/10088-liked-posts"
"StratasScratch","10089","Find the number of customers without an order","Medium","Google, Amazon","Premium","https://platform.stratascratch.com/coding/10089-find-the-number-of-customers-without-an-order"
"StratasScratch","10090","Find the percentage of shipable orders","Medium","Google, Amazon","Free","https://platform.stratascratch.com/coding/10090-find-the-percentage-of-shipable-orders"
"StratasScratch","10120","Number Of Custom Email Labels","Medium","Google","Premium","https://platform.stratascratch.com/coding/10120-number-of-custom-email-labels"
"StratasScratch","10130","Find the number of inspections for each risk category by inspection type","Medium","City of San Francisco","Free","https://platform.stratascratch.com/coding/10130-find-the-number-of-inspections-for-each-risk-category-by-inspection-type"
"StratasScratch","10131","Business Name Lengths","Hard","City of San Francisco","Premium","https://platform.stratascratch.com/coding/10131-business-name-lengths"
"StratasScratch","10133","Requests Acceptance Rate","Medium","Airbnb","Premium","https://platform.stratascratch.com/coding/10133-requests-acceptance-rate"
"StratasScratch","10134","Spam Posts","Medium","Meta","Premium","https://platform.stratascratch.com/coding/10134-spam-posts"
"StratasScratch","10139","Number of Speakers By Language","Medium","Apple, Google","Premium","https://platform.stratascratch.com/coding/10139-number-of-speakers-by-language"
"StratasScratch","10140","MacBook Pro Events","Medium","Apple, Google","Premium","https://platform.stratascratch.com/coding/10140-macbook-pro-events"
"StratasScratch","10141","Apple Product Counts","Medium","Apple, Google","Premium","https://platform.stratascratch.com/coding/10141-apple-product-counts"
"StratasScratch","10142","No Order Customers","Medium","Instacart, Amazon","Premium","https://platform.stratascratch.com/coding/10142-no-order-customers"
"StratasScratch","10144","Average Weight of Medal-Winning Judo","Medium","ESPN","Premium","https://platform.stratascratch.com/coding/10144-average-weight-of-medal-winning-judo"
"StratasScratch","10145","Highest Payment","Hard","City of San Francisco","Premium","https://platform.stratascratch.com/coding/10145-make-a-pivot-table-to-find-the-highest-payment-in-each-year-for-each-employee"
"StratasScratch","10147","Find countries that are in winemag_p1 dataset but not in winemag_p2","Medium","Wine Magazine","Premium","https://platform.stratascratch.com/coding/10147-find-countries-that-are-in-winemag_p1-dataset-but-not-in-winemag_p2"
"StratasScratch","10148","Find the top 5 cities with the most 5 star businesses","Medium","Yelp","Premium","https://platform.stratascratch.com/coding/10148-find-the-top-10-cities-with-the-most-5-star-businesses"
"StratasScratch","10152","Workers With The Highest And Lowest Salaries","Medium","Siemens, Amazon","Premium","https://platform.stratascratch.com/coding/10152-workers-with-the-highest-and-lowest-salaries"
"StratasScratch","10156","Number Of Units Per Nationality","Medium","Airbnb","Free","https://platform.stratascratch.com/coding/10156-number-of-units-per-nationality"
"StratasScratch","10159","Ranking Most Active Guests","Medium","Airbnb","Free","https://platform.stratascratch.com/coding/10159-ranking-most-active-guests"
"StratasScratch","10161","Ranking Hosts By Beds","Medium","Airbnb","Premium","https://platform.stratascratch.com/coding/10161-ranking-hosts-by-beds"
"StratasScratch","10163","Product Transaction Count","Medium","Nvidia, Microsoft","Premium","https://platform.stratascratch.com/coding/10163-product-transaction-count"
"StratasScratch","10169","Highest Total Miles","Medium","Uber","Premium","https://platform.stratascratch.com/coding/10169-highest-total-miles"
"StratasScratch","10171","Find the genre of the person with the most number of oscar winnings","Hard","Netflix","Premium","https://platform.stratascratch.com/coding/10171-find-the-genre-of-the-person-with-the-most-number-of-oscar-winnings"
"StratasScratch","10172","Best Selling Item","Hard","Ebay, Best Buy, Amazon","Free","https://platform.stratascratch.com/coding/10172-best-selling-item"
"StratasScratch","10180","Find the lowest score for each facility in Hollywood Boulevard","Medium","City of San Francisco, City of Los Angeles, Tripadvisor","Premium","https://platform.stratascratch.com/coding/10180-find-the-lowest-score-for-each-facility-in-hollywood-boulevard"
"StratasScratch","10182","Number of Streets Per Zip Code","Medium","City of San Francisco","Premium","https://platform.stratascratch.com/coding/10182-number-of-streets-per-zip-code"
"StratasScratch","10187","Find the total number of available beds per hosts' nationality","Medium","Airbnb","Premium","https://platform.stratascratch.com/coding/10187-find-the-total-number-of-available-beds-per-hosts-nationality"
"StratasScratch","10284","Popularity Percentage","Hard","Meta","Premium","https://platform.stratascratch.com/coding/10284-popularity-percentage"
"StratasScratch","10285","Acceptance Rate By Date","Medium","Meta","Free","https://platform.stratascratch.com/coding/10285-acceptance-rate-by-date"
"StratasScratch","10288","Clicked Vs Non-Clicked Search Results","Medium","Meta","Premium","https://platform.stratascratch.com/coding/10288-clicked-vs-non-clicked-search-results"
"StratasScratch","10291","SMS Confirmations From Users","Medium","Meta","Premium","https://platform.stratascratch.com/coding/10291-sms-confirmations-from-users"
"StratasScratch","10295","Most Active Users On Messenger","Medium","Meta","Premium","https://platform.stratascratch.com/coding/10295-most-active-users-on-messenger"
"StratasScratch","10296","Meta/Facebook Accounts","Medium","Meta","Premium","https://platform.stratascratch.com/coding/10296-facebook-accounts"
"StratasScratch","10297","Comments Distribution","Hard","Meta","Premium","https://platform.stratascratch.com/coding/10297-comments-distribution"
"StratasScratch","10300","Premium vs Freemium","Medium","Microsoft","Premium","https://platform.stratascratch.com/coding/10300-premium-vs-freemium"
"StratasScratch","10301","Expensive Projects","Medium","Microsoft","Premium","https://platform.stratascratch.com/coding/10301-expensive-projects"
"StratasScratch","10302","Distance Per Dollar","Hard","Uber","Premium","https://platform.stratascratch.com/coding/10302-distance-per-dollar"
"StratasScratch","10303","Top Percentile Fraud","Hard","Google, Netflix","Premium","https://platform.stratascratch.com/coding/10303-top-percentile-fraud"
"StratasScratch","10304","Risky Projects","Medium","LinkedIn","Free","https://platform.stratascratch.com/coding/10304-risky-projects"
"StratasScratch","10310","Class Performance","Medium","Box","Premium","https://platform.stratascratch.com/coding/10310-class-performance"
"StratasScratch","10313","Naive Forecasting","Hard","Uber","Premium","https://platform.stratascratch.com/coding/10313-naive-forecasting"
"StratasScratch","10314","Revenue Over Time","Hard","Amazon","Premium","https://platform.stratascratch.com/coding/10314-revenue-over-time"
"StratasScratch","10315","Cities With The Most Expensive Homes","Medium","Zillow","Premium","https://platform.stratascratch.com/coding/10315-cities-with-the-most-expensive-homes"
"StratasScratch","10318","New Products","Medium","Tesla, Salesforce","Premium","https://platform.stratascratch.com/coding/10318-new-products"
"StratasScratch","10319","Monthly Percentage Difference","Hard","Amazon","Free","https://platform.stratascratch.com/coding/10319-monthly-percentage-difference"
"StratasScratch","10322","Finding User Purchases","Medium","Amazon","Free","https://platform.stratascratch.com/coding/10322-finding-user-purchases"
"StratasScratch","10324","Distances Traveled","Medium","Lyft","Premium","https://platform.stratascratch.com/coding/10324-distances-traveled"
"StratasScratch","10350","Algorithm Performance","Hard","Meta","Premium","https://platform.stratascratch.com/coding/10350-algorithm-performance"
"StratasScratch","10351","Activity Rank","Medium","Google","Premium","https://platform.stratascratch.com/coding/10351-activity-rank"
"StratasScratch","10352","Users By Average Session Time","Medium","Meta","Free","https://platform.stratascratch.com/coding/10352-users-by-avg-session-time"
"StratasScratch","10355","Employees With Same Birth Month","Hard","Block","Premium","https://platform.stratascratch.com/coding/10355-employees-with-same-birth-month"
"StratasScratch","10358","Friday Purchases","Hard","IBM","Premium","https://platform.stratascratch.com/coding/10358-friday-purchases"
"StratasScratch","10364","Friday's Likes Count","Medium","Meta","Premium","https://platform.stratascratch.com/coding/10364-fridays-likes-count"
"StratasScratch","10365","Common Friends Script","Medium","Google","Premium","https://platform.stratascratch.com/coding/10365-common-friends-script"
"StratasScratch","10366","Customer Feedback Analysis","Medium","Capital One","Premium","https://platform.stratascratch.com/coding/10366-customer-feedback-analysis"
"StratasScratch","10368","Population Density","Medium","Deloitte","Premium","https://platform.stratascratch.com/coding/10368-population-density"
"StratasScratch","10369","Spotify Penetration Analysis","Hard","Spotify","Premium","https://platform.stratascratch.com/coding/10369-spotify-penetration-analysis"
"StratasScratch","10538","Top Posts Per Channel","Medium","Meta","Premium","https://platform.stratascratch.com/coding/10538-top-posts-per-channel"
"StratasScratch","10541","User Activity Analysis","Medium","Dropbox","Premium","https://platform.stratascratch.com/coding/10541-user-activity-analysis"
"StratasScratch","10542","Interaction Summary","Medium","IBM","Premium","https://platform.stratascratch.com/coding/10542-interaction-summary"
"StratasScratch","10544","High-Density Areas","Medium","Visa","Premium","https://platform.stratascratch.com/coding/10544-high-density-areas"
"StratasScratch","10545","Same-Day Orders","Hard","Walmart","Premium","https://platform.stratascratch.com/coding/10545-same-day-orders"
"StratasScratch","10546","Capitalize First Letters","Hard","Cisco Systems","Premium","https://platform.stratascratch.com/coding/10546-capitalize-first-letters"
"StratasScratch","10547","Actor Rating Difference Analysis","Hard","Google, Netflix","Premium","https://platform.stratascratch.com/coding/10547-actor-rating-difference-analysis"
"StratasScratch","10548","Top Actor Ratings by Genre","Hard","Google, Netflix","Premium","https://platform.stratascratch.com/coding/10548-top-actor-ratings-by-genre"
"StratasScratch","10550","Five-Year Sales Growth Regions","Hard","Visa","Premium","https://platform.stratascratch.com/coding/10550-five-year-sales-growth-regions"
"StratasScratch","10551","Top Sunny Locations By Hours","Medium","Capital One","Premium","https://platform.stratascratch.com/coding/10551-top-sunny-locations-by-hours"
"StratasScratch","10553","Finding Purchases","Medium","Amazon","Free","https://platform.stratascratch.com/coding/10553-finding-purchases"
"StratasScratch","10554","Top-Rated Support Employees","Medium","Amazon","Premium","https://platform.stratascratch.com/coding/10554-top-rated-support-employees"
"StratasScratch","10555","Top 2 Highest-Selling Items","Medium","Google","Premium","https://platform.stratascratch.com/coding/10555-top-2-highest-selling-items"
"StratasScratch","10556","Pages Currently Active","Medium","Meta","Premium","https://platform.stratascratch.com/coding/10556-pages-currently-active"
"StratasScratch","10557","Minimum CPUs for Task Scheduling","Hard","Nvidia","Premium","https://platform.stratascratch.com/coding/10557-minimum-cpus-for-task-scheduling"
"StratasScratch","10558","User Flag Performance Analysis","Medium","Google","Premium","https://platform.stratascratch.com/coding/10558-user-flag-performance-analysis"
"StratasScratch","10562","Daily Post Removal Ratio","Medium","Meta","Premium","https://platform.stratascratch.com/coding/10562-daily-post-removal-ratio"
"StratasScratch","10563","Multi-Status Order Tracking by Week","Hard","Amazon","Premium","https://platform.stratascratch.com/coding/10563-multi-status-order-tracking-by-week"
"StratasScratch","10564","Product Engagement Momentum Shifts","Hard","Visa","Premium","https://platform.stratascratch.com/coding/10564-product-engagement-momentum-shifts"
"StratasScratch","10566","Search Click Success Rate by User Segment","Hard","Microsoft","Premium","https://platform.stratascratch.com/coding/10566-search-click-success-rate-by-user-segment"
"StratasScratch","10567","Top Books by Checkout Duration","Medium","Meta, Spotify, Audible","Premium","https://platform.stratascratch.com/coding/10567-top-books-by-checkout-duration"
"StratasScratch","10568","Daily Revenue","Hard","Meta, Amazon, Shopify","Premium","https://platform.stratascratch.com/coding/10568-daily-revenue"
"StratasScratch","10569","VR App Sessions","Medium","Meta, Spotify, Netflix","Premium","https://platform.stratascratch.com/coding/10569-vr-app-sessions"
"StratasScratch","10570","Car Part Price","Medium","Tesla, Amazon, Ebay","Premium","https://platform.stratascratch.com/coding/10570-car-part-price"
"StratasScratch","10571","Vehicle Gear Usage","Medium","Tesla, Lyft, Uber","Premium","https://platform.stratascratch.com/coding/10571-vehicle-gear-usage"
